0.00582, -0.00193822872825,-0.0421861559153,0.97449940443,0.0,0.0,1.0
0.01185, -0.00193822872825,-0.0421861559153,0.97449940443,0.0,0.0,1.0
0.02782, -0.00193822872825,-0.0421861559153,0.97449940443,0.0,0.0,1.0
0.04730, -0.00122067553457,-0.0412361063063,0.976392805576,5.9497486499e-06,5.9497486499e-06,1.00000594975
0.06143, -0.00122067553457,-0.0412361063063,0.976392805576,5.9497486499e-06,5.9497486499e-06,1.00000594975
0.08495, -0.000697344599757,-0.0404411815107,0.978032708168,5.9497486499e-06,5.9497486499e-06,1.00000594975
0.09672, -0.000697344599757,-0.0404411815107,0.978032708168,2.19452559638e-05,2.19452559638e-05,1.00002194526
0.11197, -0.000697344599757,-0.0404411815107,0.978032708168,2.19452559638e-05,2.19452559638e-05,1.00002194526
0.13228, -0.000251174409641,-0.0396031402051,0.979494154453,5.35582549255e-05,5.35582549255e-05,1.00005355825
0.14378, 0.000729582156055,-0.0390805713832,0.981079697609,5.35582549255e-05,5.35582549255e-05,1.00005355825
0.16568, 0.000729582156055,-0.0390805713832,0.981079697609,0.000107046262828,0.000107046262828,1.00010704626
0.17587, 0.000729582156055,-0.0390805713832,0.981079697609,0.000107046262828,0.000107046262828,1.00010704626
0.19832, 0.00154293864034,-0.0384767986834,0.982518494129,0.000186045789171,0.000186045789171,1.00018604579
0.21076, 0.0021728714928,-0.0377739816904,0.983890771866,0.000186045789171,0.000186045789171,1.00018604579
0.22902, 0.0021728714928,-0.0377739816904,0.983890771866,0.000296046046608,0.000296046046608,1.00029604605
0.24548, 0.00271844770759,-0.0367375947535,0.985437750816,0.000296046046608,0.000296046046608,1.00029604605
0.26227, 0.00271844770759,-0.0367375947535,0.985437750816,0.000486833029906,0.000486833029906,1.00048683303
0.28083, 0.00296059343964,-0.035786010325,0.986478209496,0.000486833029906,0.000486833029906,1.00048683303
0.29517, 0.00296059343964,-0.035786010325,0.986478209496,0.000684372628287,0.000684372628287,1.00068437263
0.31039, 0.00296059343964,-0.035786010325,0.986478209496,0.000684372628287,0.000684372628287,1.00068437263
0.32770, 0.00299853319302,-0.0347263775766,0.987388432026,0.000927904233262,0.000927904233262,1.00092790423
0.34367, 0.00299853319302,-0.0347263775766,0.987388432026,0.000927904233262,0.000927904233262,1.00092790423
0.36094, 0.00343314325437,-0.0342189185321,0.988355100155,0.00122615768013,0.00122615768013,1.00122615768
0.37731, 0.00343314325437,-0.0342189185321,0.988355100155,0.00122615768013,0.00122615768013,1.00122615768
0.39572, 0.0036283293739,-0.0335639752448,0.989365398884,0.0015751638702,0.0015751638702,1.00157516387
0.41002, 0.0036283293739,-0.0335639752448,0.989365398884,0.0015751638702,0.0015751638702,1.00157516387
0.42883, 0.00360511965118,-0.0327621363103,0.990392446518,0.00198264038782,0.00198264038782,1.00198264039
0.44403, 0.00360511965118,-0.0327621363103,0.990392446518,0.00198264038782,0.00198264038782,1.00198264039
0.46327, 0.00339171197265,-0.0318532139063,0.99128472805,0.00198264038782,0.00198264038782,1.00198264039
0.47707, 0.00339171197265,-0.0318532139063,0.99128472805,0.00246018313227,0.00246018313227,1.00246018313
0.50187, 0.00288884993643,-0.0305958203971,0.992307960987,0.00246018313227,0.00246018313227,1.00246018313
0.51024, 0.00288884993643,-0.0305958203971,0.992307960987,0.00314205635794,0.00314205635794,1.00314205636
0.53236, 0.00230980245396,-0.0294948071241,0.993129789829,0.00314205635794,0.00314205635794,1.00314205636
0.54353, 0.00230980245396,-0.0294948071241,0.993129789829,0.00376660319289,0.00376660319289,1.00376660319
0.56456, 0.00273125618696,-0.0287130530924,0.993863642216,0.00376660319289,0.00376660319289,1.00376660319
0.57648, 0.00273125618696,-0.0287130530924,0.993863642216,0.00447644941915,0.00447644941915,1.00447644942
0.59873, 0.00294777262025,-0.0278238970786,0.994657456875,0.00447644941915,0.00447644941915,1.00447644942
0.61008, 0.00294777262025,-0.0278238970786,0.994657456875,0.00525342644869,0.00525342644869,1.00525342645
0.62904, 0.00297798356041,-0.0268444437534,0.995305836201,0.00525342644869,0.00525342644869,1.00525342645
0.64424, 0.00297798356041,-0.0268444437534,0.995305836201,0.0061108446204,0.0061108446204,1.00611084462
0.66068, 0.00283372076228,-0.0255021676421,0.995994091034,0.0061108446204,0.0061108446204,1.00611084462
0.68056, 0.00283372076228,-0.0255021676421,0.995994091034,0.00731571804875,0.00731571804875,1.00731571805
0.69334, 0.00283372076228,-0.0255021676421,0.995994091034,0.00731571804875,0.00731571804875,1.00731571805
0.71254, 0.00259798113257,-0.024349372834,0.996549665928,0.00836630256737,0.00836630256737,1.00836630257
0.72747, 0.00225614290684,-0.0231216643006,0.997334361076,0.00836630256737,0.00836630256737,1.00836630257
0.74656, 0.00225614290684,-0.0231216643006,0.997334361076,0.00950669076818,0.00950669076818,1.00950669077
0.76288, 0.00296904053539,-0.022654319182,0.998151540756,0.00950669076818,0.00950669076818,1.00950669077
0.77750, 0.00296904053539,-0.022654319182,0.998151540756,0.0107590353426,0.0107590353426,1.01075903534
0.79483, 0.00296904053539,-0.022654319182,0.998151540756,0.0107590353426,0.0107590353426,1.01075903534
0.80990, 0.00352921360172,-0.0220659375191,0.998993754387,0.0120881622542,0.0120881622542,1.01208816225
0.82647, 0.00352921360172,-0.0220659375191,0.998993754387,0.0120881622542,0.0120881622542,1.01208816225
0.84468, 0.0040221507661,-0.0211744681001,1.00022900105,0.0138865988445,0.0138865988445,1.01388659884
0.86062, 0.0040221507661,-0.0211744681001,1.00022900105,0.0138865988445,0.0138865988445,1.01388659884
0.87888, 0.0042834491469,-0.0203780420125,1.00134956837,0.0154626509547,0.0154626509547,1.01546265095
0.89271, 0.0042834491469,-0.0203780420125,1.00134956837,0.0154626509547,0.0154626509547,1.01546265095
0.91174, 0.00442224694416,-0.0195114053786,1.00250434875,0.0171174152106,0.0171174152106,1.01711741521
0.92665, 0.00442224694416,-0.0195114053786,1.00250434875,0.0171174152106,0.0171174152106,1.01711741521
0.94293, 0.00440271943808,-0.0185673739761,1.00350677967,0.0188762571729,0.0188762571729,1.01887625717
0.96129, 0.00440271943808,-0.0185673739761,1.00350677967,0.0188762571729,0.0188762571729,1.01887625717
0.98033, 0.00517012737691,-0.0176291707903,1.00480437279,0.0207715211883,0.0207715211883,1.02077152119
0.99608, 0.00517012737691,-0.0176291707903,1.00480437279,0.0207715211883,0.0207715211883,1.02077152119
1.01063, 0.00590749830008,-0.0162996388972,1.00652015209,0.0232561824574,0.0232561824574,1.02325618246
1.02842, 0.00590749830008,-0.0162996388972,1.00652015209,0.0232561824574,0.0232561824574,1.02325618246
1.05132, 0.00632154056802,-0.0151172559708,1.00760507584,0.0253671255885,0.0253671255885,1.02536712559
1.06010, 0.00632154056802,-0.0151172559708,1.00760507584,0.0253671255885,0.0253671255885,1.02536712559
1.07727, 0.00654905708507,-0.0141782965511,1.00842428207,0.0270579320575,0.0270579320575,1.02705793206
1.09301, 0.00654905708507,-0.0141782965511,1.00842428207,0.0270579320575,0.0270579320575,1.02705793206
1.12502, 0.00677040359005,-0.0125477798283,1.01006138325,0.0299606562,0.0299606562,1.0299606562
1.13024, 0.00677040359005,-0.0125477798283,1.01006138325,0.0299606562,0.0299606562,1.0299606562
1.14607, 0.0068787895143,-0.0111886961386,1.01193106174,0.0324106746471,0.0324106746471,1.03241067465
1.16434, 0.0068787895143,-0.0111886961386,1.01193106174,0.0324106746471,0.0324106746471,1.03241067465
1.18012, 0.0079220412299,-0.00995064433664,1.01424157619,0.0350180888185,0.0350180888185,1.03501808882
1.19743, 0.0079220412299,-0.00995064433664,1.01424157619,0.0350180888185,0.0350180888185,1.03501808882
1.21338, 0.00883011519909,-0.00856942869723,1.01696681976,0.0377007668268,0.0377007668268,1.03770076683
1.22965, 0.00883011519909,-0.00856942869723,1.01696681976,0.0377007668268,0.0377007668268,1.03770076683
1.24392, 0.00883011519909,-0.00856942869723,1.01696681976,0.0377007668268,0.0377007668268,1.03770076683
1.25945, 0.00883011519909,-0.00856942869723,1.01696681976,0.0377007668268,0.0377007668268,1.03770076683
1.27648, 0.00958802551031,-0.00695797940716,1.02007210255,0.040549554047,0.040549554047,1.04054955405
1.29599, 0.0102130938321,-0.00507062859833,1.02335476875,0.0434687624301,0.0434687624301,1.04346876243
1.31091, 0.0102130938321,-0.00507062859833,1.02335476875,0.0434687624301,0.0434687624301,1.04346876243
1.32722, 0.0102130938321,-0.00507062859833,1.02335476875,0.0434687624301,0.0434687624301,1.04346876243
1.34350, 0.0107948733494,-0.00232088589109,1.02763402462,0.0472843261147,0.0472843261147,1.04728432611
1.36011, 0.0107948733494,-0.00232088589109,1.02763402462,0.0472843261147,0.0472843261147,1.04728432611
1.37599, 0.0111434832215,0.000195557018742,1.03151810169,0.0505316456452,0.0505316456452,1.05053164565
1.39292, 0.0111434832215,0.000195557018742,1.03151810169,0.0505316456452,0.0505316456452,1.05053164565
1.41088, 0.0122153731063,0.00284040370025,1.0354642868,0.0538399459951,0.0538399459951,1.053839946
1.42767, 0.0122153731063,0.00284040370025,1.0354642868,0.0538399459951,0.0538399459951,1.053839946
1.44612, 0.0131666883826,0.00576305063441,1.03957009315,0.057268271839,0.057268271839,1.05726827184
1.45963, 0.0131666883826,0.00576305063441,1.03957009315,0.057268271839,0.057268271839,1.05726827184
1.47846, 0.0140308765694,0.00893349666148,1.04377651215,0.0608856237484,0.0608856237484,1.06088562375
1.49310, 0.0140308765694,0.00893349666148,1.04377651215,0.0608856237484,0.0608856237484,1.06088562375
1.50979, 0.0150475744158,0.0131772700697,1.04936861992,0.0654937958917,0.0654937958917,1.06549379589
1.52689, 0.0150475744158,0.0131772700697,1.04936861992,0.0654937958917,0.0654937958917,1.06549379589
1.54409, 0.0158288739622,0.0168186519295,1.05412936211,0.0693160472458,0.0693160472458,1.06931604725
1.55968, 0.0158288739622,0.0168186519295,1.05412936211,0.0693160472458,0.0693160472458,1.06931604725
1.58052, 0.0166143085808,0.020664203912,1.05903577805,0.0733349148243,0.0733349148243,1.07333491482
1.59321, 0.0166143085808,0.020664203912,1.05903577805,0.0733349148243,0.0733349148243,1.07333491482
1.61093, 0.0184511784464,0.0245235413313,1.06447672844,0.0774006132402,0.0774006132402,1.07740061324
1.62805, 0.0184511784464,0.0245235413313,1.06447672844,0.0774006132402,0.0774006132402,1.07740061324
1.64364, 0.0202706865966,0.0285914856941,1.07000434399,0.0815866505513,0.0815866505513,1.08158665055
1.65958, 0.0202706865966,0.0285914856941,1.07000434399,0.0815866505513,0.0815866505513,1.08158665055
1.67739, 0.022113731131,0.0328690223396,1.07557237148,0.0859740488637,0.0859740488637,1.08597404886
1.69328, 0.022113731131,0.0328690223396,1.07557237148,0.0859740488637,0.0859740488637,1.08597404886
1.71166, 0.0244475714862,0.038480874151,1.0825201273,0.0915277310862,0.0915277310862,1.09152773109
1.72582, 0.0244475714862,0.038480874151,1.0825201273,0.0915277310862,0.0915277310862,1.09152773109
1.74630, 0.0263537149876,0.0431526824832,1.0879188776,0.0961047327172,0.0961047327172,1.09610473272
1.75925, 0.0263537149876,0.0431526824832,1.0879188776,0.0961047327172,0.0961047327172,1.09610473272
1.77854, 0.0283043421805,0.0479821749032,1.09321141243,0.100888342345,0.100888342345,1.10088834234
1.79290, 0.0283043421805,0.0479821749032,1.09321141243,0.100888342345,0.100888342345,1.10088834234
1.81220, 0.0312960110605,0.0528329871595,1.09852874279,0.105704028496,0.105704028496,1.1057040285
1.82583, 0.0312960110605,0.0528329871595,1.09852874279,0.105704028496,0.105704028496,1.1057040285
1.84579, 0.0350648313761,0.0591444447637,1.10542619228,0.111888376169,0.111888376169,1.11188837617
1.85981, 0.0350648313761,0.0591444447637,1.10542619228,0.111888376169,0.111888376169,1.11188837617
1.87857, 0.0373656116426,0.063046105206,1.10978150368,0.115778934615,0.115778934615,1.11577893461
1.89361, 0.0373656116426,0.063046105206,1.10978150368,0.115778934615,0.115778934615,1.11577893461
1.91028, 0.0404380708933,0.0683887898922,1.11577045918,0.120945900324,0.120945900324,1.12094590032
1.92596, 0.0404380708933,0.0683887898922,1.11577045918,0.120945900324,0.120945900324,1.12094590032
1.94371, 0.0443394072354,0.0752333626151,1.12326002121,0.127565640221,0.127565640221,1.12756564022
1.96094, 0.0443394072354,0.0752333626151,1.12326002121,0.127565640221,0.127565640221,1.12756564022
1.97819, 0.047528680414,0.0808702781796,1.12943685055,0.13308787912,0.13308787912,1.13308787912
1.99334, 0.047528680414,0.0808702781796,1.12943685055,0.13308787912,0.13308787912,1.13308787912
2.01347, 0.0522049441934,0.0864507779479,1.13558852673,0.138625466379,0.138625466379,1.13862546638
2.02618, 0.0522049441934,0.0864507779479,1.13558852673,0.138625466379,0.138625466379,1.13862546638
2.04556, 0.0568612664938,0.0921595990658,1.14169061184,0.144274060428,0.144274060428,1.14427406043
2.05982, 0.0568612664938,0.0921595990658,1.14169061184,0.144274060428,0.144274060428,1.14427406043
2.07920, 0.0615182630718,0.0980099216104,1.1477419138,0.150137712863,0.150137712863,1.15013771286
2.09350, 0.0615182630718,0.0980099216104,1.1477419138,0.150137712863,0.150137712863,1.15013771286
2.11376, 0.0674031153321,0.105532474816,1.15539383888,0.157490428953,0.157490428953,1.15749042895
2.12620, 0.0674031153321,0.105532474816,1.15539383888,0.157490428953,0.157490428953,1.15749042895
2.14460, 0.0722052529454,0.111660823226,1.1614048481,0.163492750826,0.163492750826,1.16349275083
2.15942, 0.0722052529454,0.111660823226,1.1614048481,0.163492750826,0.163492750826,1.16349275083
2.17660, 0.0770732089877,0.117900744081,1.16737771034,0.169713449266,0.169713449266,1.16971344927
2.19339, 0.0770732089877,0.117900744081,1.16737771034,0.169713449266,0.169713449266,1.16971344927
2.21081, 0.0833367332816,0.124537080526,1.17365205288,0.175926572846,0.175926572846,1.17592657285
2.22613, 0.0833367332816,0.124537080526,1.17365205288,0.175926572846,0.175926572846,1.17592657285
2.24776, 0.089545942843,0.131262332201,1.18010377884,0.182241772757,0.182241772757,1.18224177276
2.25997, 0.089545942843,0.131262332201,1.18010377884,0.182241772757,0.182241772757,1.18224177276
2.27728, 0.09572776407,0.138034999371,1.18670511246,0.188775654517,0.188775654517,1.18877565452
2.29340, 0.09572776407,0.138034999371,1.18670511246,0.188775654517,0.188775654517,1.18877565452
2.31090, 0.103438422084,0.146572440863,1.19478106499,0.196936043426,0.196936043426,1.19693604343
2.32654, 0.103438422084,0.146572440863,1.19478106499,0.196936043426,0.196936043426,1.19693604343
2.34467, 0.109610974789,0.153477951884,1.20124340057,0.203573057529,0.203573057529,1.20357305753
2.35953, 0.109610974789,0.153477951884,1.20124340057,0.203573057529,0.203573057529,1.20357305753
2.38182, 0.115799225867,0.160419657826,1.20781219006,0.210428312042,0.210428312042,1.21042831204
2.39359, 0.115799225867,0.160419657826,1.20781219006,0.210428312042,0.210428312042,1.21042831204
2.40958, 0.122009560466,0.167400032282,1.21447408199,0.217254396081,0.217254396081,1.21725439608
2.42634, 0.122009560466,0.167400032282,1.21447408199,0.217254396081,0.217254396081,1.21725439608
2.44387, 0.128267303109,0.174455046654,1.22108030319,0.224171259109,0.224171259109,1.22417125911
2.46133, 0.128267303109,0.174455046654,1.22108030319,0.224171259109,0.224171259109,1.22417125911
2.47654, 0.136324450374,0.183331027627,1.22954380512,0.233068456767,0.233068456767,1.23306845677
2.49340, 0.136324450374,0.183331027627,1.22954380512,0.233068456767,0.233068456767,1.23306845677
2.50942, 0.141644760966,0.188571602106,1.23491108418,0.238396952247,0.238396952247,1.23839695225
2.52703, 0.141644760966,0.188571602106,1.23491108418,0.238396952247,0.238396952247,1.23839695225
2.54499, 0.150446474552,0.197392016649,1.24387943745,0.247383111464,0.247383111464,1.24738311146
2.56078, 0.150446474552,0.197392016649,1.24387943745,0.247383111464,0.247383111464,1.24738311146
2.57800, 0.157464832067,0.204511582851,1.25106692314,0.254794703718,0.254794703718,1.25479470372
2.59249, 0.157464832067,0.204511582851,1.25106692314,0.254794703718,0.254794703718,1.25479470372
2.61184, 0.16444323957,0.211687013507,1.25828874111,0.262157166699,0.262157166699,1.2621571667
2.62663, 0.16444323957,0.211687013507,1.25828874111,0.262157166699,0.262157166699,1.2621571667
2.64604, 0.173108205199,0.220728948712,1.26734817028,0.27146892692,0.27146892692,1.27146892692
2.65901, 0.173108205199,0.220728948712,1.26734817028,0.27146892692,0.27146892692,1.27146892692
2.68024, 0.178270578384,0.226225182414,1.27282214165,0.277246551464,0.277246551464,1.27724655146
2.69382, 0.188823640347,0.235493227839,1.28222680092,0.277246551464,0.277246551464,1.27724655146
2.70942, 0.188823640347,0.235493227839,1.28222680092,0.286744261491,0.286744261491,1.28674426149
2.72613, 0.188823640347,0.235493227839,1.28222680092,0.286744261491,0.286744261491,1.28674426149
2.74559, 0.197140350938,0.242963194847,1.28981328011,0.294421268827,0.294421268827,1.29442126883
2.76267, 0.205346956849,0.25044426322,1.29739093781,0.294421268827,0.294421268827,1.29442126883
2.77751, 0.205346956849,0.25044426322,1.29739093781,0.302303080831,0.302303080831,1.30230308083
2.79554, 0.213462248445,0.257999390364,1.30497062206,0.310113726809,0.310113726809,1.31011372681
2.81141, 0.213462248445,0.257999390364,1.30497062206,0.310113726809,0.310113726809,1.31011372681
2.82643, 0.213462248445,0.257999390364,1.30497062206,0.310113726809,0.310113726809,1.31011372681
2.84326, 0.22149656713,0.265587061644,1.31262040138,0.317986889886,0.317986889886,1.31798688989
2.85986, 0.22942507267,0.273202717304,1.32036244869,0.317986889886,0.317986889886,1.31798688989
2.88911, 0.22942507267,0.273202717304,1.32036244869,0.32606071744,0.32606071744,1.32606071744
2.89253, 0.22942507267,0.273202717304,1.32036244869,0.32606071744,0.32606071744,1.32606071744
2.91261, 0.23896843195,0.281138330698,1.32818520069,0.334052350822,0.334052350822,1.33405235082
2.92740, 0.23896843195,0.281138330698,1.32818520069,0.334052350822,0.334052350822,1.33405235082
2.94391, 0.2506326437,0.291100949049,1.33808588982,0.344118727334,0.344118727334,1.34411872733
2.95951, 0.2506326437,0.291100949049,1.33808588982,0.344118727334,0.344118727334,1.34411872733
2.97632, 0.259794324636,0.299123853445,1.34620380402,0.352373657732,0.352373657732,1.35237365773
2.99714, 0.268794417381,0.307160288095,1.35440540314,0.352373657732,0.352373657732,1.35237365773
3.01193, 0.268794417381,0.307160288095,1.35440540314,0.360534865693,0.360534865693,1.36053486569
3.02720, 0.268794417381,0.307160288095,1.35440540314,0.360534865693,0.360534865693,1.36053486569
3.04334, 0.277656972408,0.315182745457,1.36273777485,0.368742339262,0.368742339262,1.36874233926
3.06042, 0.277656972408,0.315182745457,1.36273777485,0.368742339262,0.368742339262,1.36874233926
3.07735, 0.286358356476,0.323233932257,1.37112402916,0.377138658829,0.377138658829,1.37713865883
3.09543, 0.296531915665,0.331300377846,1.37949669361,0.377138658829,0.377138658829,1.37713865883
3.11031, 0.296531915665,0.331300377846,1.37949669361,0.385431290801,0.385431290801,1.3854312908
3.12727, 0.296531915665,0.331300377846,1.37949669361,0.385431290801,0.385431290801,1.3854312908
3.14294, 0.308896780014,0.341372489929,1.38997328281,0.395850348964,0.395850348964,1.39585034896
3.16697, 0.31851631403,0.349416553974,1.39823973179,0.395850348964,0.395850348964,1.39585034896
3.17897, 0.31851631403,0.349416553974,1.39823973179,0.404371675239,0.404371675239,1.40437167524
3.20003, 0.327928841114,0.35750246048,1.40658736229,0.404371675239,0.404371675239,1.40437167524
3.21176, 0.327928841114,0.35750246048,1.40658736229,0.412778630673,0.412778630673,1.41277863067
3.23634, 0.327928841114,0.35750246048,1.40658736229,0.412778630673,0.412778630673,1.41277863067
3.24601, 0.337137281895,0.365617930889,1.41482853889,0.421214662777,0.421214662777,1.42121466278
3.26852, 0.34618127346,0.373745262623,1.42289507389,0.421214662777,0.421214662777,1.42121466278
3.27864, 0.34618127346,0.373745262623,1.42289507389,0.42982524754,0.42982524754,1.42982524754
3.29874, 0.359314113855,0.383722424507,1.43300664425,0.42982524754,0.42982524754,1.42982524754
3.31697, 0.359314113855,0.383722424507,1.43300664425,0.440436281815,0.440436281815,1.44043628182
3.32671, 0.359314113855,0.383722424507,1.43300664425,0.440436281815,0.440436281815,1.44043628182
3.34505, 0.369426399469,0.391732335091,1.44120323658,0.448947748617,0.448947748617,1.44894774862
3.35944, 0.369426399469,0.391732335091,1.44120323658,0.448947748617,0.448947748617,1.44894774862
3.37651, 0.379224598408,0.399790048599,1.44928026199,0.457625003032,0.457625003032,1.45762500303
3.39375, 0.379224598408,0.399790048599,1.44928026199,0.457625003032,0.457625003032,1.45762500303
3.41258, 0.388740688562,0.407868295908,1.4573404789,0.466167952775,0.466167952775,1.46616795278
3.42671, 0.388740688562,0.407868295908,1.4573404789,0.466167952775,0.466167952775,1.46616795278
3.44348, 0.397977977991,0.415959924459,1.46519398689,0.47472220945,0.47472220945,1.47472220945
3.46234, 0.397977977991,0.415959924459,1.46519398689,0.47472220945,0.47472220945,1.47472220945
3.47786, 0.406974256039,0.424047142267,1.47303187847,0.483437116957,0.483437116957,1.48343711696
3.49467, 0.406974256039,0.424047142267,1.47303187847,0.483437116957,0.483437116957,1.48343711696
3.51078, 0.417209088802,0.432604521513,1.48109376431,0.492005484843,0.492005484843,1.49200548484
3.52634, 0.417209088802,0.432604521513,1.48109376431,0.492005484843,0.492005484843,1.49200548484
3.54308, 0.429492592812,0.443311333656,1.49126505852,0.502719367693,0.502719367693,1.50271936769
3.56080, 0.429492592812,0.443311333656,1.49126505852,0.502719367693,0.502719367693,1.50271936769
3.57756, 0.438975960016,0.451889455318,1.49929189682,0.511441629381,0.511441629381,1.51144162938
3.59535, 0.438975960016,0.451889455318,1.49929189682,0.511441629381,0.511441629381,1.51144162938
3.61182, 0.448151797056,0.460443049669,1.50738942623,0.520008114129,0.520008114129,1.52000811413
3.62654, 0.448151797056,0.460443049669,1.50738942623,0.520008114129,0.520008114129,1.52000811413
3.64246, 0.459210962057,0.471177399158,1.51760292053,0.530706478734,0.530706478734,1.53070647873
3.66023, 0.459210962057,0.471177399158,1.51760292053,0.530706478734,0.530706478734,1.53070647873
3.67675, 0.465639591217,0.477625578642,1.52367079258,0.537268607277,0.537268607277,1.53726860728
3.69387, 0.465639591217,0.477625578642,1.52367079258,0.537268607277,0.537268607277,1.53726860728
3.71210, 0.47592151165,0.486317574978,1.53197145462,0.545806206424,0.545806206424,1.54580620642
3.72644, 0.47592151165,0.486317574978,1.53197145462,0.545806206424,0.545806206424,1.54580620642
3.74428, 0.488237887621,0.497167080641,1.54246139526,0.556456352097,0.556456352097,1.5564563521
3.75977, 0.488237887621,0.497167080641,1.54246139526,0.556456352097,0.556456352097,1.5564563521
3.77730, 0.497722417116,0.505870044231,1.55080425739,0.565108047935,0.565108047935,1.56510804794
3.79383, 0.497722417116,0.505870044231,1.55080425739,0.565108047935,0.565108047935,1.56510804794
3.81063, 0.506871521473,0.514559805393,1.55915617943,0.573585122172,0.573585122172,1.57358512217
3.82739, 0.506871521473,0.514559805393,1.55915617943,0.573585122172,0.573585122172,1.57358512217
3.84300, 0.515677034855,0.523216724396,1.567486763,0.582037644329,0.582037644329,1.58203764433
3.86121, 0.515677034855,0.523216724396,1.567486763,0.582037644329,0.582037644329,1.58203764433
3.87638, 0.524163007736,0.531850576401,1.57578480244,0.590613924315,0.590613924315,1.59061392431
3.89860, 0.524163007736,0.531850576401,1.57578480244,0.590613924315,0.590613924315,1.59061392431
3.91228, 0.536906957626,0.5428134799,1.58668971062,0.601101937918,0.601101937918,1.60110193792
3.92885, 0.536906957626,0.5428134799,1.58668971062,0.601101937918,0.601101937918,1.60110193792
3.94403, 0.546616315842,0.551559329033,1.59528815746,0.609454731244,0.609454731244,1.60945473124
3.96077, 0.546616315842,0.551559329033,1.59528815746,0.609454731244,0.609454731244,1.60945473124
3.97581, 0.555951297283,0.560319542885,1.60382342339,0.617919515242,0.617919515242,1.61791951524
3.99705, 0.555951297283,0.560319542885,1.60382342339,0.617919515242,0.617919515242,1.61791951524
4.01018, 0.564927101135,0.569074034691,1.61234045029,0.626195997972,0.626195997972,1.62619599797
4.03166, 0.564927101135,0.569074034691,1.61234045029,0.626195997972,0.626195997972,1.62619599797
4.04364, 0.573567390442,0.577812194824,1.62065064907,0.634430554123,0.634430554123,1.63443055412
4.06173, 0.573567390442,0.577812194824,1.62065064907,0.634430554123,0.634430554123,1.63443055412
4.07631, 0.58188188076,0.586529076099,1.62879276276,0.642765914101,0.642765914101,1.6427659141
4.09355, 0.58188188076,0.586529076099,1.62879276276,0.642765914101,0.642765914101,1.6427659141
4.10914, 0.591722607613,0.595895111561,1.6366276741,0.650907687978,0.650907687978,1.65090768798
4.13167, 0.591722607613,0.595895111561,1.6366276741,0.650907687978,0.650907687978,1.65090768798
4.14380, 0.603372514248,0.60748308897,1.64651370049,0.661014300219,0.661014300219,1.66101430022
4.16409, 0.603372514248,0.60748308897,1.64651370049,0.661014300219,0.661014300219,1.66101430022
4.17769, 0.612199127674,0.616674780846,1.65404820442,0.669182272295,0.669182272295,1.66918227229
4.19421, 0.612199127674,0.616674780846,1.65404820442,0.669182272295,0.669182272295,1.66918227229
4.20978, 0.620643913746,0.625782310963,1.66138148308,0.677151019403,0.677151019403,1.6771510194
4.23277, 0.620643913746,0.625782310963,1.66138148308,0.677151019403,0.677151019403,1.6771510194
4.24417, 0.628782749176,0.634816169739,1.66870975494,0.685061312694,0.685061312694,1.68506131269
4.26086, 0.628782749176,0.634816169739,1.66870975494,0.685061312694,0.685061312694,1.68506131269
4.27795, 0.636617124081,0.643772661686,1.67596650124,0.693049211821,0.693049211821,1.69304921182
4.29760, 0.636617124081,0.643772661686,1.67596650124,0.693049211821,0.693049211821,1.69304921182
4.30993, 0.6457939744,0.653261423111,1.68314921856,0.700833898837,0.700833898837,1.70083389884
4.33132, 0.6457939744,0.653261423111,1.68314921856,0.700833898837,0.700833898837,1.70083389884
4.34386, 0.656678617001,0.664964079857,1.69186151028,0.700833898837,0.700833898837,1.70083389884
4.36282, 0.656678617001,0.664964079857,1.69186151028,0.710610550379,0.710610550379,1.71061055038
4.37684, 0.664937496185,0.674168944359,1.69867038727,0.718242095066,0.718242095066,1.71824209507
4.39482, 0.664937496185,0.674168944359,1.69867038727,0.718242095066,0.718242095066,1.71824209507
4.40956, 0.672829329967,0.683265566826,1.70545220375,0.725802204431,0.725802204431,1.72580220443
4.43149, 0.672829329967,0.683265566826,1.70545220375,0.725802204431,0.725802204431,1.72580220443
4.44427, 0.682228982449,0.694471657276,1.71390724182,0.735282039943,0.735282039943,1.73528203994
4.46222, 0.682228982449,0.694471657276,1.71390724182,0.735282039943,0.735282039943,1.73528203994
4.47745, 0.689961314201,0.703446090221,1.72069382668,0.742671514049,0.742671514049,1.74267151405
4.49683, 0.689961314201,0.703446090221,1.72069382668,0.742671514049,0.742671514049,1.74267151405
4.50929, 0.696758627892,0.710405528545,1.72593462467,0.748161934959,0.748161934959,1.74816193496
4.52769, 0.696758627892,0.710405528545,1.72593462467,0.748161934959,0.748161934959,1.74816193496
4.54360, 0.707448124886,0.721718132496,1.73462879658,0.757211425677,0.757211425677,1.75721142568
4.56007, 0.707448124886,0.721718132496,1.73462879658,0.757211425677,0.757211425677,1.75721142568
4.57655, 0.715510606766,0.730499863625,1.74145519733,0.764482559397,0.764482559397,1.7644825594
4.59669, 0.715510606766,0.730499863625,1.74145519733,0.764482559397,0.764482559397,1.7644825594
4.61131, 0.723145127296,0.73908418417,1.74837088585,0.771541667732,0.771541667732,1.77154166773
4.62817, 0.723145127296,0.73908418417,1.74837088585,0.771541667732,0.771541667732,1.77154166773
4.64563, 0.730401456356,0.747469127178,1.75512206554,0.778513234882,0.778513234882,1.77851323488
4.66098, 0.730401456356,0.747469127178,1.75512206554,0.778513234882,0.778513234882,1.77851323488
4.67803, 0.737331092358,0.7556822896,1.76178121567,0.785515055965,0.785515055965,1.78551505597
4.69468, 0.737331092358,0.7556822896,1.76178121567,0.785515055965,0.785515055965,1.78551505597
4.71049, 0.747214853764,0.766391456127,1.76986539364,0.793986580716,0.793986580716,1.79398658072
4.72646, 0.747214853764,0.766391456127,1.76986539364,0.793986580716,0.793986580716,1.79398658072
4.74395, 0.754633247852,0.774717450142,1.7761528492,0.793986580716,0.793986580716,1.79398658072
4.75942, 0.754633247852,0.774717450142,1.7761528492,0.800776854626,0.800776854626,1.80077685463
4.78286, 0.76165664196,0.782819151878,1.78219938278,0.800776854626,0.800776854626,1.80077685463
4.79340, 0.76165664196,0.782819151878,1.78219938278,0.807350999813,0.807350999813,1.80735099981
4.81205, 0.768300294876,0.790702939034,1.78814995289,0.81382750014,0.81382750014,1.81382750014
4.82612, 0.768300294876,0.790702939034,1.78814995289,0.81382750014,0.81382750014,1.81382750014
4.84363, 0.768300294876,0.790702939034,1.78814995289,0.81382750014,0.81382750014,1.81382750014
4.85930, 0.774600207806,0.798341989517,1.79423713684,0.820320049558,0.820320049558,1.82032004956
4.87656, 0.774600207806,0.798341989517,1.79423713684,0.820320049558,0.820320049558,1.82032004956
4.89328, 0.782581806183,0.807714819908,1.80159926414,0.828146790412,0.828146790412,1.82814679041
4.91295, 0.78833001852,0.813493609428,1.80596649647,0.828146790412,0.828146790412,1.82814679041
4.92574, 0.78833001852,0.813493609428,1.80596649647,0.832765691941,0.832765691941,1.83276569194
4.94542, 0.78833001852,0.813493609428,1.80596649647,0.832765691941,0.832765691941,1.83276569194
4.95999, 0.79735827446,0.822813630104,1.81317436695,0.840442003468,0.840442003468,1.84044200347
4.97789, 0.79735827446,0.822813630104,1.81317436695,0.840442003468,0.840442003468,1.84044200347
4.99305, 0.804140090942,0.829988598824,1.81901264191,0.846374766462,0.846374766462,1.84637476646
5.01596, 0.81055855751,0.836923956871,1.8247654438,0.846374766462,0.846374766462,1.84637476646
5.02572, 0.81055855751,0.836923956871,1.8247654438,0.852199926497,0.852199926497,1.8521999265
5.04825, 0.816627621651,0.843630373478,1.83047151566,0.852199926497,0.852199926497,1.8521999265
5.05995, 0.816627621651,0.843630373478,1.83047151566,0.858019325946,0.858019325946,1.85801932595
5.07797, 0.822423696518,0.850114285946,1.83610093594,0.858019325946,0.858019325946,1.85801932595
5.09351, 0.822423696518,0.850114285946,1.83610093594,0.863623257454,0.863623257454,1.86362325745
5.11261, 0.829491198063,0.856929242611,1.84176576138,0.869115698004,0.869115698004,1.869115698
5.12793, 0.829491198063,0.856929242611,1.84176576138,0.869115698004,0.869115698004,1.869115698
5.14312, 0.829491198063,0.856929242611,1.84176576138,0.869115698004,0.869115698004,1.869115698
5.16655, 0.837707400322,0.865081250668,1.84868001938,0.875918300191,0.875918300191,1.87591830019
5.17708, 0.843833506107,0.871271848679,1.85434699059,0.875918300191,0.875918300191,1.87591830019
5.19485, 0.843833506107,0.871271848679,1.85434699059,0.881153720577,0.881153720577,1.88115372058
5.21297, 0.849617540836,0.877195358276,1.8599281311,0.886274155382,0.886274155382,1.88627415538
5.22671, 0.849617540836,0.877195358276,1.8599281311,0.886274155382,0.886274155382,1.88627415538
5.24620, 0.856371760368,0.884241342545,1.8666703701,0.886274155382,0.886274155382,1.88627415538
5.26001, 0.856371760368,0.884241342545,1.8666703701,0.892600065612,0.892600065612,1.89260006561
5.27974, 0.860160768032,0.888290643692,1.87070274353,0.896253358141,0.896253358141,1.89625335814
5.29377, 0.860160768032,0.888290643692,1.87070274353,0.896253358141,0.896253358141,1.89625335814
5.31081, 0.868046164513,0.89579474926,1.8777037859,0.896253358141,0.896253358141,1.89625335814
5.32849, 0.868046164513,0.89579474926,1.8777037859,0.902195142939,0.902195142939,1.90219514294
5.34467, 0.868046164513,0.89579474926,1.8777037859,0.902195142939,0.902195142939,1.90219514294
5.36797, 0.873872995377,0.901506900787,1.8830883503,0.906897458165,0.906897458165,1.90689745817
5.38171, 0.873872995377,0.901506900787,1.8830883503,0.906897458165,0.906897458165,1.90689745817
5.39328, 0.879285752773,0.906946241856,1.88835012913,0.911396733039,0.911396733039,1.91139673304
5.41863, 0.884337961674,0.912126064301,1.89355623722,0.911396733039,0.911396733039,1.91139673304
5.42595, 0.884337961674,0.912126064301,1.89355623722,0.915776572185,0.915776572185,1.91577657219
5.44656, 0.884337961674,0.912126064301,1.89355623722,0.915776572185,0.915776572185,1.91577657219
5.45945, 0.889066874981,0.917070746422,1.89878213406,0.920115331536,0.920115331536,1.92011533154
5.47880, 0.889066874981,0.917070746422,1.89878213406,0.920115331536,0.920115331536,1.92011533154
5.49324, 0.893479585648,0.921790480614,1.90389561653,0.920115331536,0.920115331536,1.92011533154
5.51523, 0.893479585648,0.921790480614,1.90389561653,0.924252884938,0.924252884938,1.92425288494
5.52674, 0.900141358376,0.928613007069,1.91006803513,0.92925545792,0.92925545792,1.92925545792
5.55052, 0.900141358376,0.928613007069,1.91006803513,0.92925545792,0.92925545792,1.92925545792
5.56149, 0.905022084713,0.933757245541,1.91492938995,0.92925545792,0.92925545792,1.92925545792
5.58218, 0.905022084713,0.933757245541,1.91492938995,0.933194414525,0.933194414525,1.93319441452
5.59396, 0.909512579441,0.93861836195,1.91951239109,0.936937856178,0.936937856178,1.93693785618
5.61507, 0.909512579441,0.93861836195,1.91951239109,0.936937856178,0.936937856178,1.93693785618
5.62747, 0.913620233536,0.943218052387,1.92400085926,0.940560701195,0.940560701195,1.94056070119
5.64624, 0.913620233536,0.943218052387,1.92400085926,0.940560701195,0.940560701195,1.94056070119
5.66255, 0.917365252972,0.947551369667,1.92840349674,0.944127041692,0.944127041692,1.94412704169
5.67865, 0.917365252972,0.947551369667,1.92840349674,0.944127041692,0.944127041692,1.94412704169
5.69648, 0.921954989433,0.952767789364,1.93346393108,0.948333222025,0.948333222025,1.94833322202
5.71050, 0.921954989433,0.952767789364,1.93346393108,0.948333222025,0.948333222025,1.94833322202
5.73035, 0.925237178802,0.956117630005,1.93635332584,0.950767044559,0.950767044559,1.95076704456
5.74436, 0.925237178802,0.956117630005,1.93635332584,0.950767044559,0.950767044559,1.95076704456
5.76231, 0.930218398571,0.961377739906,1.94096505642,0.954730719186,0.954730719186,1.95473071919
5.77737, 0.930218398571,0.961377739906,1.94096505642,0.954730719186,0.954730719186,1.95473071919
5.79631, 0.93379431963,0.965285181999,1.94433760643,0.957720576768,0.957720576768,1.95772057677
5.81068, 0.93379431963,0.965285181999,1.94433760643,0.957720576768,0.957720576768,1.95772057677
5.82838, 0.937018573284,0.968926668167,1.94760072231,0.960592324662,0.960592324662,1.96059232466
5.85445, 0.937018573284,0.968926668167,1.94760072231,0.960592324662,0.960592324662,1.96059232466
5.86383, 0.939918875694,0.972314476967,1.95074880123,0.963396391121,0.963396391121,1.96339639112
5.87767, 0.939918875694,0.972314476967,1.95074880123,0.963396391121,0.963396391121,1.96339639112
5.89326, 0.942534089088,0.975447654724,1.95380067825,0.966032150289,0.966032150289,1.96603215029
5.90961, 0.942534089088,0.975447654724,1.95380067825,0.966032150289,0.966032150289,1.96603215029
5.92638, 0.946981668472,0.97974896431,1.95774006844,0.969164529572,0.969164529572,1.96916452957
5.94298, 0.946981668472,0.97974896431,1.95774006844,0.969164529572,0.969164529572,1.96916452957
5.96330, 0.950117826462,0.982859492302,1.96075463295,0.971583744284,0.971583744284,1.97158374428
5.97633, 0.950117826462,0.982859492302,1.96075463295,0.971583744284,0.971583744284,1.97158374428
5.99562, 0.952916264534,0.985723972321,1.96361756325,0.973846129759,0.973846129759,1.97384612976
6.01067, 0.952916264534,0.985723972321,1.96361756325,0.973846129759,0.973846129759,1.97384612976
6.02752, 0.955414950848,0.988309681416,1.96646904945,0.975996896374,0.975996896374,1.97599689637
6.04877, 0.955414950848,0.988309681416,1.96646904945,0.975996896374,0.975996896374,1.97599689637
6.06150, 0.957614243031,0.990677595139,1.96914768219,0.978074691426,0.978074691426,1.97807469143
6.08496, 0.957614243031,0.990677595139,1.96914768219,0.978074691426,0.978074691426,1.97807469143
6.09410, 0.959524512291,0.992817759514,1.97179281712,0.98000458594,0.98000458594,1.98000458594
6.11068, 0.959524512291,0.992817759514,1.97179281712,0.98000458594,0.98000458594,1.98000458594
6.12800, 0.963650584221,0.996177077293,1.97522389889,0.982266726342,0.982266726342,1.98226672634
6.14346, 0.963650584221,0.996177077293,1.97522389889,0.982266726342,0.982266726342,1.98226672634
6.16393, 0.966532111168,0.998535096645,1.97792208195,0.983988493885,0.983988493885,1.98398849389
6.17777, 0.966532111168,0.998535096645,1.97792208195,0.983988493885,0.983988493885,1.98398849389
6.20031, 0.969088733196,1.00063025951,1.98043310642,0.985575493098,0.985575493098,1.9855754931
6.21000, 0.969088733196,1.00063025951,1.98043310642,0.985575493098,0.985575493098,1.9855754931
6.23168, 0.971302330494,1.00248813629,1.98270606995,0.987061726644,0.987061726644,1.98706172664
6.24429, 0.971302330494,1.00248813629,1.98270606995,0.987061726644,0.987061726644,1.98706172664
6.26761, 0.973180413246,1.00411534309,1.98487913609,0.988473776395,0.988473776395,1.98847377639
6.27670, 0.973180413246,1.00411534309,1.98487913609,0.988473776395,0.988473776395,1.98847377639
6.29500, 0.974762141705,1.00550031662,1.986764431,0.989763318628,0.989763318628,1.98976331863
6.30962, 0.974762141705,1.00550031662,1.986764431,0.989763318628,0.989763318628,1.98976331863
6.32871, 0.977455019951,1.00726425648,1.98856806755,0.990958960083,0.990958960083,1.99095896008
6.34271, 0.977455019951,1.00726425648,1.98856806755,0.990958960083,0.990958960083,1.99095896008
