0.00419, -0.041527274996,0.0258414819837,1.01014077663,0.0,0.0,1.0
0.00985, -0.041527274996,0.0258414819837,1.01014077663,0.0,0.0,1.0
0.02691, -0.0415040664375,0.0259176660329,1.00964283943,0.0,0.0,1.0
0.04272, -0.0415040664375,0.0259176660329,1.00964283943,3.39160118878e-06,3.39160118878e-06,1.0000033916
0.06398, -0.0416730456054,0.0262254737318,1.00923442841,3.39160118878e-06,3.39160118878e-06,1.0000033916
0.07448, -0.0416730456054,0.0262254737318,1.00923442841,1.5219493642e-05,1.5219493642e-05,1.00001521949
0.09765, -0.0417320728302,0.0263580232859,1.00896263123,1.5219493642e-05,1.5219493642e-05,1.00001521949
0.10806, -0.0417320728302,0.0263580232859,1.00896263123,4.10419502583e-05,4.10419502583e-05,1.00004104195
0.12924, -0.0417047888041,0.0263199005276,1.00871884823,4.10419502583e-05,4.10419502583e-05,1.00004104195
0.14169, -0.0417047888041,0.0263199005276,1.00871884823,8.72564257334e-05,8.72564257334e-05,1.00008725643
0.16297, -0.0415051840246,0.0260295886546,1.00860953331,8.72564257334e-05,8.72564257334e-05,1.00008725643
0.17458, -0.0415051840246,0.0260295886546,1.00860953331,0.000179145587156,0.000179145587156,1.00017914559
0.20041, -0.0412339605391,0.0256011020392,1.00859129429,0.000179145587156,0.000179145587156,1.00017914559
0.20785, -0.0412339605391,0.0256011020392,1.00859129429,0.000286668331528,0.000286668331528,1.00028666833
0.23615, -0.0411227717996,0.0255154985934,1.00854957104,0.000286668331528,0.000286668331528,1.00028666833
0.24089, -0.0411227717996,0.0255154985934,1.00854957104,0.000432856854845,0.000432856854845,1.00043285685
0.26381, -0.0411901436746,0.0257334094495,1.00844800472,0.000432856854845,0.000432856854845,1.00043285685
0.27514, -0.0411901436746,0.0257334094495,1.00844800472,0.000616670130859,0.000616670130859,1.00061667013
0.29327, -0.0411901436746,0.0257334094495,1.00844800472,0.000616670130859,0.000616670130859,1.00061667013
0.30938, -0.0411577150226,0.0257824398577,1.00863099098,0.000850192700508,0.000850192700508,1.0008501927
0.32808, -0.0409784242511,0.0256365649402,1.00877273083,0.000850192700508,0.000850192700508,1.0008501927
0.34078, -0.0409784242511,0.0256365649402,1.00877273083,0.00112856369053,0.00112856369053,1.00112856369
0.36080, -0.0409784242511,0.0256365649402,1.00877273083,0.00112856369053,0.00112856369053,1.00112856369
0.37480, -0.040627669543,0.0252401977777,1.00887560844,0.00155181098587,0.00155181098587,1.00155181099
0.39389, -0.040627669543,0.0252401977777,1.00887560844,0.00155181098587,0.00155181098587,1.00155181099
0.40811, -0.0402468554676,0.024752272293,1.0088082552,0.00196452430307,0.00196452430307,1.0019645243
0.42759, -0.0402468554676,0.024752272293,1.0088082552,0.00196452430307,0.00196452430307,1.0019645243
0.44212, -0.0401532202959,0.0244481377304,1.00868916512,0.00243166862429,0.00243166862429,1.00243166862
0.45765, -0.0401532202959,0.0244481377304,1.00868916512,0.00243166862429,0.00243166862429,1.00243166862
0.47506, -0.0403065048158,0.0242258552462,1.0083668232,0.00310868912025,0.00310868912025,1.00310868912
0.49197, -0.0403065048158,0.0242258552462,1.0083668232,0.00310868912025,0.00310868912025,1.00310868912
0.50870, -0.0402380488813,0.023929528892,1.00822758675,0.0037426174535,0.0037426174535,1.00374261745
0.52420, -0.0402380488813,0.023929528892,1.00822758675,0.0037426174535,0.0037426174535,1.00374261745
0.54377, -0.0400156229734,0.0235192552209,1.00821471214,0.00443838643235,0.00443838643235,1.00443838643
0.55781, -0.0400156229734,0.0235192552209,1.00821471214,0.00443838643235,0.00443838643235,1.00443838643
0.57915, -0.0396617129445,0.0230086166412,1.00829172134,0.00521128659853,0.00521128659853,1.0052112866
0.59213, -0.0396617129445,0.0230086166412,1.00829172134,0.00521128659853,0.00521128659853,1.0052112866
0.60810, -0.0391974411905,0.0224010720849,1.00839781761,0.00608280206121,0.00608280206121,1.00608280206
0.62640, -0.0391974411905,0.0224010720849,1.00839781761,0.00608280206121,0.00608280206121,1.00608280206
0.64172, -0.0389637537301,0.0217582024634,1.00853323936,0.00702102210058,0.00702102210058,1.0070210221
0.66257, -0.0389637537301,0.0217582024634,1.00853323936,0.00702102210058,0.00702102210058,1.0070210221
0.67519, -0.0389360412955,0.0210868995637,1.00874257088,0.00804549186532,0.00804549186532,1.00804549187
0.69377, -0.0389360412955,0.0210868995637,1.00874257088,0.00804549186532,0.00804549186532,1.00804549187
0.70871, -0.0387492999434,0.020359987393,1.00908267498,0.00918300273198,0.00918300273198,1.00918300273
0.72451, -0.0387492999434,0.020359987393,1.00908267498,0.00918300273198,0.00918300273198,1.00918300273
0.74454, -0.0384076833725,0.0195894148201,1.00947284698,0.0103900508755,0.0103900508755,1.01039005088
0.75768, -0.0384076833725,0.0195894148201,1.00947284698,0.0103900508755,0.0103900508755,1.01039005088
0.77600, -0.0377531275153,0.0185697972775,1.00977396965,0.0120316145458,0.0120316145458,1.01203161455
0.79149, -0.0377531275153,0.0185697972775,1.00977396965,0.0120316145458,0.0120316145458,1.01203161455
0.81110, -0.0370853431523,0.0177149251103,1.00985574722,0.0134844202339,0.0134844202339,1.01348442023
0.82499, -0.0370853431523,0.0177149251103,1.00985574722,0.0134844202339,0.0134844202339,1.01348442023
0.84634, -0.0366499014199,0.0171383246779,1.00993418694,0.0150082281524,0.0150082281524,1.01500822815
0.85827, -0.0366499014199,0.0171383246779,1.00993418694,0.0150082281524,0.0150082281524,1.01500822815
0.88121, -0.0364238806069,0.0167972967029,1.00985443592,0.0166335785644,0.0166335785644,1.01663357856
0.89227, -0.0364238806069,0.0167972967029,1.00985443592,0.0166335785644,0.0166335785644,1.01663357856
0.91045, -0.036036811769,0.0164081119001,1.00955963135,0.0183991478724,0.0183991478724,1.01839914787
0.92450, -0.036036811769,0.0164081119001,1.00955963135,0.0183991478724,0.0183991478724,1.01839914787
0.94403, -0.0355011038482,0.0159504096955,1.00927436352,0.0202356188886,0.0202356188886,1.02023561889
0.95821, -0.0355011038482,0.0159504096955,1.00927436352,0.0202356188886,0.0202356188886,1.02023561889
0.97644, -0.0346236340702,0.0153187839314,1.00936996937,0.0226821397621,0.0226821397621,1.02268213976
0.99166, -0.0346236340702,0.0153187839314,1.00936996937,0.0226821397621,0.0226821397621,1.02268213976
1.00784, -0.0337871834636,0.0147858755663,1.00945007801,0.0248060013481,0.0248060013481,1.02480600135
1.02587, -0.0337871834636,0.0147858755663,1.00945007801,0.0248060013481,0.0248060013481,1.02480600135
1.04160, -0.0330785922706,0.0142729636282,1.00939571857,0.026998951721,0.026998951721,1.02699895172
1.06036, -0.0330785922706,0.0142729636282,1.00939571857,0.026998951721,0.026998951721,1.02699895172
1.07551, -0.032463349402,0.0137926386669,1.0094114542,0.0293040327327,0.0293040327327,1.02930403273
1.09113, -0.032463349402,0.0137926386669,1.0094114542,0.0293040327327,0.0293040327327,1.02930403273
1.10817, -0.0314644500613,0.0132350986823,1.01009535789,0.0323961684632,0.0323961684632,1.03239616846
1.12543, -0.0314644500613,0.0132350986823,1.01009535789,0.0323961684632,0.0323961684632,1.03239616846
1.14109, -0.0304858312011,0.0128166116774,1.01112163067,0.0349603912792,0.0349603912792,1.03496039128
1.15968, -0.0304858312011,0.0128166116774,1.01112163067,0.0349603912792,0.0349603912792,1.03496039128
1.17506, -0.0292989891022,0.0124716553837,1.01268732548,0.0376405094658,0.0376405094658,1.03764050947
1.19287, -0.0292989891022,0.0124716553837,1.01268732548,0.0376405094658,0.0376405094658,1.03764050947
1.20823, -0.0278768260032,0.0122424168512,1.01474237442,0.0404957038924,0.0404957038924,1.04049570389
1.22931, -0.0278768260032,0.0122424168512,1.01474237442,0.0404957038924,0.0404957038924,1.04049570389
1.24388, -0.0264847688377,0.0122876390815,1.01715672016,0.0434126890991,0.0434126890991,1.0434126891
1.26012, -0.0264847688377,0.0122876390815,1.01715672016,0.0434126890991,0.0434126890991,1.0434126891
1.27409, -0.0264847688377,0.0122876390815,1.01715672016,0.0434126890991,0.0434126890991,1.0434126891
1.30283, -0.0246319342405,0.012715427205,1.0205565691,0.047225456425,0.047225456425,1.04722545643
1.31103, -0.0232879724354,0.0130910128355,1.02272152901,0.047225456425,0.047225456425,1.04722545643
1.32531, -0.0232879724354,0.0130910128355,1.02272152901,0.0496691932808,0.0496691932808,1.04966919328
1.34297, -0.0211793109775,0.0137546686456,1.02592134476,0.0496691932808,0.0496691932808,1.04966919328
1.36462, -0.0211793109775,0.0137546686456,1.02592134476,0.0529455315856,0.0529455315856,1.05294553159
1.37635, -0.0180126372725,0.0148292602971,1.03021919727,0.0529455315856,0.0529455315856,1.05294553159
1.39363, -0.0180126372725,0.0148292602971,1.03021919727,0.057209646668,0.057209646668,1.05720964667
1.40878, -0.0150908716023,0.0159319862723,1.03402090073,0.060830681389,0.060830681389,1.06083068139
1.42518, -0.0150908716023,0.0159319862723,1.03402090073,0.060830681389,0.060830681389,1.06083068139
1.44189, -0.0121306674555,0.01732397452,1.03804302216,0.0645003070943,0.0645003070943,1.06450030709
1.45947, -0.0121306674555,0.01732397452,1.03804302216,0.0645003070943,0.0645003070943,1.06450030709
1.47491, -0.0121306674555,0.01732397452,1.03804302216,0.0645003070943,0.0645003070943,1.06450030709
1.49202, -0.00911676045507,0.0190020911396,1.04209446907,0.0682905597574,0.0682905597574,1.06829055976
1.50872, -0.00911676045507,0.0190020911396,1.04209446907,0.0682905597574,0.0682905597574,1.06829055976
1.52491, -0.00581840891391,0.0208444707096,1.04625868797,0.0722832863246,0.0722832863246,1.07228328632
1.54652, -0.00222692498937,0.0228660255671,1.05066728592,0.0722832863246,0.0722832863246,1.07228328632
1.55778, -0.00222692498937,0.0228660255671,1.05066728592,0.0763172289459,0.0763172289459,1.07631722895
1.58083, 0.00265237363055,0.0256749298424,1.05643439293,0.0763172289459,0.0763172289459,1.07631722895
1.59180, 0.00265237363055,0.0256749298424,1.05643439293,0.0815289381417,0.0815289381417,1.08152893814
1.61055, 0.00265237363055,0.0256749298424,1.05643439293,0.0815289381417,0.0815289381417,1.08152893814
1.62547, 0.00685154041275,0.0281479917467,1.06125879288,0.0859231651488,0.0859231651488,1.08592316515
1.64198, 0.00685154041275,0.0281479917467,1.06125879288,0.0859231651488,0.0859231651488,1.08592316515
1.65772, 0.0112983221188,0.0308520309627,1.06632292271,0.0903497977564,0.0903497977564,1.09034979776
1.67798, 0.0112983221188,0.0308520309627,1.06632292271,0.0903497977564,0.0903497977564,1.09034979776
1.69107, 0.0159462038428,0.0337633937597,1.0714969635,0.0948956813633,0.0948956813633,1.09489568136
1.71089, 0.0159462038428,0.0337633937597,1.0714969635,0.0948956813633,0.0948956813633,1.09489568136
1.72555, 0.0207937024534,0.0369027815759,1.07675814629,0.0996586421796,0.0996586421796,1.09965864218
1.74344, 0.0207937024534,0.0369027815759,1.07675814629,0.0996586421796,0.0996586421796,1.09965864218
1.76019, 0.0255033653229,0.04004246369,1.0820953846,0.104443810005,0.104443810005,1.10444381
1.77718, 0.0255033653229,0.04004246369,1.0820953846,0.104443810005,0.104443810005,1.10444381
1.79099, 0.0313005596399,0.044018432498,1.08874762058,0.110590282596,0.110590282596,1.1105902826
1.81696, 0.0362038947642,0.0475299842656,1.09410393238,0.110590282596,0.110590282596,1.1105902826
1.82448, 0.0362038947642,0.0475299842656,1.09410393238,0.11574454925,0.11574454925,1.11574454925
1.84298, 0.0362038947642,0.0475299842656,1.09410393238,0.11574454925,0.11574454925,1.11574454925
1.85900, 0.0413346402347,0.0512895658612,1.09947168827,0.120910740404,0.120910740404,1.1209107404
1.87678, 0.0413346402347,0.0512895658612,1.09947168827,0.120910740404,0.120910740404,1.1209107404
1.89326, 0.0466878637671,0.0553260743618,1.10511600971,0.126191533957,0.126191533957,1.12619153396
1.90799, 0.0466878637671,0.0553260743618,1.10511600971,0.126191533957,0.126191533957,1.12619153396
1.93071, 0.0536611154675,0.0607561841607,1.11239600182,0.13306532619,0.13306532619,1.13306532619
1.94132, 0.0536611154675,0.0607561841607,1.11239600182,0.13306532619,0.13306532619,1.13306532619
1.96081, 0.058852955699,0.0650839656591,1.11826813221,0.13860245424,0.13860245424,1.13860245424
1.97560, 0.058852955699,0.0650839656591,1.11826813221,0.13860245424,0.13860245424,1.13860245424
1.99509, 0.0640513598919,0.0695783644915,1.12413656712,0.144250594071,0.144250594071,1.14425059407
2.00740, 0.0640513598919,0.0695783644915,1.12413656712,0.144250594071,0.144250594071,1.14425059407
2.02847, 0.0694686919451,0.0743562653661,1.13006675243,0.150130814267,0.150130814267,1.15013081427
2.04097, 0.0694686919451,0.0743562653661,1.13006675243,0.150130814267,0.150130814267,1.15013081427
2.06364, 0.0750909596682,0.0793944895267,1.13599646091,0.155999435313,0.155999435313,1.15599943531
2.07467, 0.0750909596682,0.0793944895267,1.13599646091,0.155999435313,0.155999435313,1.15599943531
2.09148, 0.0824094712734,0.0860187634826,1.14349877834,0.163485566996,0.163485566996,1.163485567
2.11243, 0.0824094712734,0.0860187634826,1.14349877834,0.163485566996,0.163485566996,1.163485567
2.12586, 0.088492192328,0.0915864706039,1.14966261387,0.169723342347,0.169723342347,1.16972334235
2.14383, 0.088492192328,0.0915864706039,1.14966261387,0.169723342347,0.169723342347,1.16972334235
2.16697, 0.092906050384,0.0957831144333,1.15420114994,0.174373676433,0.174373676433,1.17437367643
2.17482, 0.092906050384,0.0957831144333,1.15420114994,0.174373676433,0.174373676433,1.17437367643
2.19130, 0.100324675441,0.102992333472,1.16188156605,0.182251993604,0.182251993604,1.1822519936
2.20926, 0.100324675441,0.102992333472,1.16188156605,0.182251993604,0.182251993604,1.1822519936
2.22549, 0.106508091092,0.109026126564,1.16813647747,0.188802439396,0.188802439396,1.1888024394
2.24121, 0.106508091092,0.109026126564,1.16813647747,0.188802439396,0.188802439396,1.1888024394
2.26094, 0.11289203912,0.115295000374,1.17436480522,0.195318983797,0.195318983797,1.1953189838
2.27449, 0.11289203912,0.115295000374,1.17436480522,0.195318983797,0.195318983797,1.1953189838
2.29254, 0.119493730366,0.121806114912,1.18075561523,0.20276585374,0.20276585374,1.20276585374
2.30863, 0.119493730366,0.121806114912,1.18075561523,0.20276585374,0.20276585374,1.20276585374
2.32791, 0.126269906759,0.128481149673,1.18731200695,0.209625051883,0.209625051883,1.20962505188
2.34127, 0.126269906759,0.128481149673,1.18731200695,0.209625051883,0.209625051883,1.20962505188
2.36013, 0.132903218269,0.135271221399,1.19366967678,0.216440242516,0.216440242516,1.21644024252
2.37576, 0.132903218269,0.135271221399,1.19366967678,0.216440242516,0.216440242516,1.21644024252
2.39198, 0.13944002986,0.14218814671,1.19988811016,0.223346444937,0.223346444937,1.22334644494
2.40879, 0.13944002986,0.14218814671,1.19988811016,0.223346444937,0.223346444937,1.22334644494
2.42426, 0.146186769009,0.149309143424,1.20623314381,0.230487710653,0.230487710653,1.23048771065
2.45094, 0.153137668967,0.156618461013,1.21261096001,0.230487710653,0.230487710653,1.23048771065
2.45906, 0.153137668967,0.156618461013,1.21261096001,0.237571712858,0.237571712858,1.23757171286
2.47853, 0.153137668967,0.156618461013,1.21261096001,0.237571712858,0.237571712858,1.23757171286
2.49387, 0.162048220634,0.165973633528,1.2207224369,0.246545806752,0.246545806752,1.24654580675
2.50837, 0.162048220634,0.165973633528,1.2207224369,0.246545806752,0.246545806752,1.24654580675
2.52497, 0.169332578778,0.173644334078,1.2274119854,0.253968459835,0.253968459835,1.25396845983
2.54805, 0.176604032516,0.181669741869,1.23395752907,0.253968459835,0.253968459835,1.25396845983
2.55930, 0.176604032516,0.181669741869,1.23395752907,0.261322034851,0.261322034851,1.26132203485
2.58083, 0.176604032516,0.181669741869,1.23395752907,0.261322034851,0.261322034851,1.26132203485
2.59306, 0.183879196644,0.190059989691,1.24042284489,0.268753338321,0.268753338321,1.26875333832
2.61373, 0.183879196644,0.190059989691,1.24042284489,0.268753338321,0.268753338321,1.26875333832
2.62639, 0.191348820925,0.198548287153,1.24695527554,0.276415633417,0.276415633417,1.27641563342
2.64813, 0.191348820925,0.198548287153,1.24695527554,0.276415633417,0.276415633417,1.27641563342
2.65837, 0.198992699385,0.207129582763,1.25335264206,0.283997015544,0.283997015544,1.28399701554
2.67796, 0.198992699385,0.207129582763,1.25335264206,0.283997015544,0.283997015544,1.28399701554
2.69303, 0.208816826344,0.218009531498,1.26145637035,0.293572939601,0.293572939601,1.2935729396
2.70859, 0.208816826344,0.218009531498,1.26145637035,0.293572939601,0.293572939601,1.2935729396
2.72696, 0.216862350702,0.226824954152,1.26807165146,0.301472061426,0.301472061426,1.30147206143
2.74112, 0.216862350702,0.226824954152,1.26807165146,0.301472061426,0.301472061426,1.30147206143
2.75877, 0.224661365151,0.235831186175,1.2747759819,0.309275878405,0.309275878405,1.30927587841
2.77476, 0.224661365151,0.235831186175,1.2747759819,0.309275878405,0.309275878405,1.30927587841
2.79241, 0.232213631272,0.244997262955,1.28168106079,0.317142478655,0.317142478655,1.31714247865
2.80871, 0.232213631272,0.244997262955,1.28168106079,0.317142478655,0.317142478655,1.31714247865
2.82751, 0.241876468062,0.256542474031,1.29048347473,0.317142478655,0.317142478655,1.31714247865
2.84993, 0.241876468062,0.256542474031,1.29048347473,0.327229250899,0.327229250899,1.3272292509
2.85991, 0.247795388103,0.26350864768,1.29585552216,0.333223922757,0.333223922757,1.33322392276
2.87557, 0.247795388103,0.26350864768,1.29585552216,0.333223922757,0.333223922757,1.33322392276
2.89187, 0.257898032665,0.275148868561,1.30480647087,0.333223922757,0.333223922757,1.33322392276
2.91304, 0.257898032665,0.275148868561,1.30480647087,0.343283405527,0.343283405527,1.34328340553
2.92720, 0.266166836023,0.284469991922,1.31185400486,0.343283405527,0.343283405527,1.34328340553
2.94510, 0.266166836023,0.284469991922,1.31185400486,0.351561010265,0.351561010265,1.35156101026
2.96054, 0.274355053902,0.293791919947,1.31894266605,0.351561010265,0.351561010265,1.35156101026
2.97788, 0.274355053902,0.293791919947,1.31894266605,0.359717449955,0.359717449955,1.35971744995
2.99306, 0.28248295188,0.303155064583,1.32590866089,0.359717449955,0.359717449955,1.35971744995
3.00982, 0.28248295188,0.303155064583,1.32590866089,0.367920421835,0.367920421835,1.36792042184
3.02633, 0.292857348919,0.314909666777,1.33484113216,0.367920421835,0.367920421835,1.36792042184
3.04298, 0.292857348919,0.314909666777,1.33484113216,0.378409535849,0.378409535849,1.37840953585
3.05900, 0.299160599709,0.321977734566,1.34019970894,0.384629891954,0.384629891954,1.38462989195
3.07419, 0.299160599709,0.321977734566,1.34019970894,0.384629891954,0.384629891954,1.38462989195
3.09235, 0.309808731079,0.333736360073,1.34950757027,0.395044546952,0.395044546952,1.39504454695
3.11420, 0.309808731079,0.333736360073,1.34950757027,0.395044546952,0.395044546952,1.39504454695
3.12456, 0.318439006805,0.343126952648,1.35720896721,0.40358903603,0.40358903603,1.40358903603
3.14495, 0.318439006805,0.343126952648,1.35720896721,0.40358903603,0.40358903603,1.40358903603
3.15797, 0.327015697956,0.352401793003,1.36482059956,0.411993136974,0.411993136974,1.41199313697
3.17780, 0.327015697956,0.352401793003,1.36482059956,0.411993136974,0.411993136974,1.41199313697
3.19157, 0.337655872107,0.363827943802,1.37435102463,0.422539190798,0.422539190798,1.4225391908
3.20996, 0.337655872107,0.363827943802,1.37435102463,0.422539190798,0.422539190798,1.4225391908
3.22452, 0.346275061369,0.372925907373,1.38218414783,0.431180020711,0.431180020711,1.43118002071
3.24321, 0.346275061369,0.372925907373,1.38218414783,0.431180020711,0.431180020711,1.43118002071
3.25920, 0.352800548077,0.379735022783,1.38820111752,0.437545256235,0.437545256235,1.43754525623
3.27616, 0.352800548077,0.379735022783,1.38820111752,0.437545256235,0.437545256235,1.43754525623
3.29241, 0.363790214062,0.391113579273,1.39823913574,0.437545256235,0.437545256235,1.43754525623
3.30838, 0.363790214062,0.391113579273,1.39823913574,0.44817945622,0.44817945622,1.44817945622
3.32790, 0.372677177191,0.400234520435,1.40645289421,0.44817945622,0.44817945622,1.44817945622
3.34175, 0.372677177191,0.400234520435,1.40645289421,0.456884491065,0.456884491065,1.45688449107
3.35787, 0.381623238325,0.40934753418,1.41466128826,0.465426325365,0.465426325365,1.46542632537
3.37517, 0.381623238325,0.40934753418,1.41466128826,0.465426325365,0.465426325365,1.46542632537
3.39349, 0.390649139881,0.418451875448,1.42281234264,0.465426325365,0.465426325365,1.46542632537
3.41050, 0.390649139881,0.418451875448,1.42281234264,0.47397971423,0.47397971423,1.47397971423
3.42760, 0.402078211308,0.429783165455,1.43280100822,0.47397971423,0.47397971423,1.47397971423
3.44193, 0.402078211308,0.429783165455,1.43280100822,0.484860989609,0.484860989609,1.48486098961
3.45890, 0.409006297588,0.436541199684,1.43891084194,0.491287429764,0.491287429764,1.49128742976
3.47662, 0.409006297588,0.436541199684,1.43891084194,0.491287429764,0.491287429764,1.49128742976
3.49178, 0.420636326075,0.447758197784,1.44913816452,0.502001207671,0.502001207671,1.50200120767
3.50862, 0.420636326075,0.447758197784,1.44913816452,0.502001207671,0.502001207671,1.50200120767
3.52490, 0.430037379265,0.456661641598,1.45731544495,0.51074607798,0.51074607798,1.51074607798
3.54375, 0.430037379265,0.456661641598,1.45731544495,0.51074607798,0.51074607798,1.51074607798
3.55968, 0.439299076796,0.465466201305,1.46540415287,0.519312980048,0.519312980048,1.51931298005
3.58063, 0.439299076796,0.465466201305,1.46540415287,0.519312980048,0.519312980048,1.51931298005
3.59211, 0.439299076796,0.465466201305,1.46540415287,0.519312980048,0.519312980048,1.51931298005
3.61492, 0.45067819953,0.476354986429,1.47568845749,0.530189631762,0.530189631762,1.53018963176
3.62896, 0.459852844477,0.485013753176,1.48410081863,0.530189631762,0.530189631762,1.53018963176
3.64360, 0.459852844477,0.485013753176,1.48410081863,0.538737746614,0.538737746614,1.53873774661
3.65783, 0.459852844477,0.485013753176,1.48410081863,0.538737746614,0.538737746614,1.53873774661
3.67894, 0.466747224331,0.491462349892,1.49044835567,0.545140493656,0.545140493656,1.54514049366
3.69148, 0.466747224331,0.491462349892,1.49044835567,0.545140493656,0.545140493656,1.54514049366
3.70840, 0.478245288134,0.50216460228,1.50124800205,0.55597407532,0.55597407532,1.55597407532
3.72926, 0.478245288134,0.50216460228,1.50124800205,0.55597407532,0.55597407532,1.55597407532
3.74079, 0.487477749586,0.510675787926,1.50984013081,0.564474392105,0.564474392105,1.56447439211
3.75807, 0.487477749586,0.510675787926,1.50984013081,0.564474392105,0.564474392105,1.56447439211
3.77457, 0.496735274792,0.51928037405,1.51832222939,0.572953186073,0.572953186073,1.57295318607
3.79399, 0.496735274792,0.51928037405,1.51832222939,0.572953186073,0.572953186073,1.57295318607
3.80802, 0.506030976772,0.527979910374,1.52681028843,0.581587263576,0.581587263576,1.58158726358
3.82547, 0.506030976772,0.527979910374,1.52681028843,0.581587263576,0.581587263576,1.58158726358
3.84130, 0.51763689518,0.538826584816,1.53740477562,0.592116052821,0.592116052821,1.59211605282
3.86009, 0.51763689518,0.538826584816,1.53740477562,0.592116052821,0.592116052821,1.59211605282
3.87438, 0.524600207806,0.545314490795,1.54371297359,0.598410651047,0.598410651047,1.59841065105
3.89465, 0.524600207806,0.545314490795,1.54371297359,0.598410651047,0.598410651047,1.59841065105
3.90799, 0.536201655865,0.556017875671,1.55429112911,0.609037246809,0.609037246809,1.60903724681
3.92581, 0.536201655865,0.556017875671,1.55429112911,0.609037246809,0.609037246809,1.60903724681
3.94125, 0.545481145382,0.56454128027,1.56275355816,0.617355505464,0.617355505464,1.61735550546
3.96024, 0.545481145382,0.56454128027,1.56275355816,0.617355505464,0.617355505464,1.61735550546
3.97473, 0.554543375969,0.572952926159,1.5710631609,0.625634739592,0.625634739592,1.62563473959
3.99354, 0.554543375969,0.572952926159,1.5710631609,0.625634739592,0.625634739592,1.62563473959
4.00856, 0.56340688467,0.581276535988,1.57909989357,0.634045802929,0.634045802929,1.63404580293
4.02533, 0.56340688467,0.581276535988,1.57909989357,0.634045802929,0.634045802929,1.63404580293
4.04244, 0.574472546577,0.591640293598,1.58912289143,0.64427864207,0.64427864207,1.64427864207
4.05911, 0.574472546577,0.591640293598,1.58912289143,0.64427864207,0.64427864207,1.64427864207
4.07487, 0.58332580328,0.599908590317,1.59702146053,0.652411349614,0.652411349614,1.65241134961
4.09213, 0.58332580328,0.599908590317,1.59702146053,0.652411349614,0.652411349614,1.65241134961
4.10795, 0.592157840729,0.608153581619,1.60481631756,0.660666999826,0.660666999826,1.66066699983
4.12440, 0.592157840729,0.608153581619,1.60481631756,0.660666999826,0.660666999826,1.66066699983
4.14096, 0.600975930691,0.616328835487,1.61263084412,0.668694964634,0.668694964634,1.66869496463
4.16116, 0.600975930691,0.616328835487,1.61263084412,0.668694964634,0.668694964634,1.66869496463
4.17553, 0.609548032284,0.624352037907,1.62042963505,0.676667190519,0.676667190519,1.67666719052
4.19095, 0.609548032284,0.624352037907,1.62042963505,0.676667190519,0.676667190519,1.67666719052
4.21109, 0.617932856083,0.632264316082,1.6280926466,0.684746982035,0.684746982035,1.68474698204
4.22435, 0.617932856083,0.632264316082,1.6280926466,0.684746982035,0.684746982035,1.68474698204
4.24241, 0.626356959343,0.640158116817,1.63566613197,0.692598773962,0.692598773962,1.69259877396
4.25762, 0.626356959343,0.640158116817,1.63566613197,0.692598773962,0.692598773962,1.69259877396
4.27776, 0.634790956974,0.648021101952,1.64324343204,0.700387187609,0.700387187609,1.70038718761
4.29213, 0.634790956974,0.648021101952,1.64324343204,0.700387187609,0.700387187609,1.70038718761
4.31079, 0.645346164703,0.657794773579,1.65283036232,0.710193128288,0.710193128288,1.71019312829
4.32675, 0.645346164703,0.657794773579,1.65283036232,0.710193128288,0.710193128288,1.71019312829
4.34390, 0.653777062893,0.665615558624,1.66047298908,0.717828493526,0.717828493526,1.71782849353
4.35869, 0.653777062893,0.665615558624,1.66047298908,0.717828493526,0.717828493526,1.71782849353
4.37737, 0.661937654018,0.673544943333,1.6678686142,0.725392552072,0.725392552072,1.72539255207
4.39128, 0.661937654018,0.673544943333,1.6678686142,0.725392552072,0.725392552072,1.72539255207
4.41573, 0.669844865799,0.681596934795,1.67513477802,0.733038736012,0.733038736012,1.73303873601
4.42523, 0.669844865799,0.681596934795,1.67513477802,0.733038736012,0.733038736012,1.73303873601
4.44131, 0.677726566792,0.689581155777,1.68227553368,0.740451573953,0.740451573953,1.74045157395
4.46251, 0.677726566792,0.689581155777,1.68227553368,0.740451573953,0.740451573953,1.74045157395
4.47543, 0.685545742512,0.697523891926,1.68942165375,0.747786143476,0.747786143476,1.74778614348
4.49336, 0.685545742512,0.697523891926,1.68942165375,0.747786143476,0.747786143476,1.74778614348
4.50884, 0.695307433605,0.707426965237,1.69830465317,0.756990263639,0.756990263639,1.75699026364
4.52553, 0.695307433605,0.707426965237,1.69830465317,0.756990263639,0.756990263639,1.75699026364
4.54515, 0.70310562849,0.715327739716,1.70539546013,0.764138923498,0.764138923498,1.7641389235
4.55878, 0.70310562849,0.715327739716,1.70539546013,0.764138923498,0.764138923498,1.7641389235
4.57719, 0.710744917393,0.723258793354,1.71224379539,0.77120221412,0.77120221412,1.77120221412
4.59259, 0.710744917393,0.723258793354,1.71224379539,0.77120221412,0.77120221412,1.77120221412
4.60993, 0.718245744705,0.731231629848,1.71897351742,0.778321940195,0.778321940195,1.77832194019
4.62543, 0.718245744705,0.731231629848,1.71897351742,0.778321940195,0.778321940195,1.77832194019
4.64225, 0.727624893188,0.741125047207,1.72733211517,0.786913351542,0.786913351542,1.78691335154
4.65840, 0.727624893188,0.741125047207,1.72733211517,0.786913351542,0.786913351542,1.78691335154
4.67449, 0.733220398426,0.747028827667,1.73217821121,0.791999465629,0.791999465629,1.79199946563
4.69496, 0.733220398426,0.747028827667,1.73217821121,0.791999465629,0.791999465629,1.79199946563
4.71053, 0.742538154125,0.756775379181,1.74016809464,0.800500893974,0.800500893974,1.80050089397
4.72562, 0.742538154125,0.756775379181,1.74016809464,0.800500893974,0.800500893974,1.80050089397
4.74410, 0.749960482121,0.76446223259,1.74653816223,0.807079068267,0.807079068267,1.80707906827
4.75924, 0.749960482121,0.76446223259,1.74653816223,0.807079068267,0.807079068267,1.80707906827
4.77773, 0.757158815861,0.771991193295,1.75277757645,0.813559671484,0.813559671484,1.81355967148
4.79445, 0.757158815861,0.771991193295,1.75277757645,0.813559671484,0.813559671484,1.81355967148
4.81027, 0.764131009579,0.779364109039,1.75879120827,0.8200736365,0.8200736365,1.8200736365
4.82530, 0.764131009579,0.779364109039,1.75879120827,0.8200736365,0.8200736365,1.8200736365
4.84921, 0.771087110043,0.786655783653,1.76451861858,0.826351788379,0.826351788379,1.82635178838
4.85862, 0.771087110043,0.786655783653,1.76451861858,0.826351788379,0.826351788379,1.82635178838
4.88134, 0.778011441231,0.793873906136,1.77014815807,0.832527277595,0.832527277595,1.8325272776
4.89425, 0.778011441231,0.793873906136,1.77014815807,0.832527277595,0.832527277595,1.8325272776
4.91403, 0.786631345749,0.802813708782,1.77709650993,0.84022507905,0.84022507905,1.84022507905
4.92703, 0.786631345749,0.802813708782,1.77709650993,0.84022507905,0.84022507905,1.84022507905
4.94482, 0.793479025364,0.809895157814,1.782730937,0.84616171383,0.84616171383,1.84616171383
4.95743, 0.793479025364,0.809895157814,1.782730937,0.84616171383,0.84616171383,1.84616171383
4.97777, 0.80013024807,0.816887319088,1.78798162937,0.851990796001,0.851990796001,1.851990796
4.99087, 0.80013024807,0.816887319088,1.78798162937,0.851990796001,0.851990796001,1.851990796
5.00950, 0.806606292725,0.823782861233,1.79328656197,0.857829053099,0.857829053099,1.8578290531
5.02485, 0.806606292725,0.823782861233,1.79328656197,0.857829053099,0.857829053099,1.8578290531
5.04507, 0.814618349075,0.832271933556,1.80013298988,0.864821257547,0.864821257547,1.86482125755
5.05750, 0.814618349075,0.832271933556,1.80013298988,0.864821257547,0.864821257547,1.86482125755
5.07672, 0.819393932819,0.837288796902,1.80419933796,0.868932917941,0.868932917941,1.86893291794
5.09228, 0.819393932819,0.837288796902,1.80419933796,0.868932917941,0.868932917941,1.86893291794
5.10969, 0.827342510223,0.845503985882,1.81063473225,0.875754967389,0.875754967389,1.87575496739
5.12535, 0.827342510223,0.845503985882,1.81063473225,0.875754967389,0.875754967389,1.87575496739
5.14218, 0.833640575409,0.851941168308,1.81565785408,0.880993919802,0.880993919802,1.8809939198
5.15963, 0.833640575409,0.851941168308,1.81565785408,0.880993919802,0.880993919802,1.8809939198
5.17404, 0.839811205864,0.858353972435,1.82047247887,0.886117915997,0.886117915997,1.886117916
5.19132, 0.839811205864,0.858353972435,1.82047247887,0.886117915997,0.886117915997,1.886117916
5.21497, 0.845883488655,0.864724814892,1.82535934448,0.891228418965,0.891228418965,1.89122841896
5.22449, 0.845883488655,0.864724814892,1.82535934448,0.891228418965,0.891228418965,1.89122841896
5.24174, 0.85338306427,0.872477948666,1.83094644547,0.897321326318,0.897321326318,1.89732132632
5.25814, 0.85338306427,0.872477948666,1.83094644547,0.897321326318,0.897321326318,1.89732132632
5.27522, 0.85781866312,0.877001166344,1.83428025246,0.900888908561,0.900888908561,1.90088890856
5.29312, 0.85781866312,0.877001166344,1.83428025246,0.900888908561,0.900888908561,1.90088890856
5.31403, 0.865128874779,0.88437473774,1.84029436111,0.900888908561,0.900888908561,1.90088890856
5.32451, 0.865128874779,0.88437473774,1.84029436111,0.906782745776,0.906782745776,1.90678274578
5.34456, 0.870924115181,0.890089333057,1.84515988827,0.911285018921,0.911285018921,1.91128501892
5.35773, 0.870924115181,0.890089333057,1.84515988827,0.911285018921,0.911285018921,1.91128501892
5.38052, 0.87647497654,0.895624339581,1.84981405735,0.911285018921,0.911285018921,1.91128501892
5.39140, 0.87647497654,0.895624339581,1.84981405735,0.915667867828,0.915667867828,1.91566786783
5.41120, 0.87647497654,0.895624339581,1.84981405735,0.915667867828,0.915667867828,1.91566786783
5.42480, 0.881789803505,0.900991439819,1.85417294502,0.920018944321,0.920018944321,1.92001894432
5.44723, 0.887030601501,0.906206130981,1.85867989063,0.924159259522,0.924159259522,1.92415925952
5.45740, 0.887030601501,0.906206130981,1.85867989063,0.924159259522,0.924159259522,1.92415925952
5.48021, 0.892204999924,0.91128718853,1.86319506168,0.924159259522,0.924159259522,1.92415925952
5.49570, 0.892204999924,0.91128718853,1.86319506168,0.928179153487,0.928179153487,1.92817915349
5.51114, 0.89856761694,0.917459607124,1.86894083023,0.928179153487,0.928179153487,1.92817915349
5.53276, 0.89856761694,0.917459607124,1.86894083023,0.933114134306,0.933114134306,1.93311413431
5.54323, 0.903584420681,0.92222315073,1.87326872349,0.936860121218,0.936860121218,1.93686012122
5.56346, 0.903584420681,0.92222315073,1.87326872349,0.936860121218,0.936860121218,1.93686012122
5.57552, 0.908434987068,0.926839828491,1.87740647793,0.940485509488,0.940485509488,1.94048550949
5.59457, 0.908434987068,0.926839828491,1.87740647793,0.940485509488,0.940485509488,1.94048550949
5.61266, 0.914275467396,0.932407677174,1.88222002983,0.940485509488,0.940485509488,1.94048550949
5.62858, 0.914275467396,0.932407677174,1.88222002983,0.944918930646,0.944918930646,1.94491893065
5.64611, 0.917708814144,0.935643017292,1.88505935669,0.944918930646,0.944918930646,1.94491893065
5.65848, 0.917708814144,0.935643017292,1.88505935669,0.947444326397,0.947444326397,1.9474443264
5.67433, 0.917708814144,0.935643017292,1.88505935669,0.947444326397,0.947444326397,1.9474443264
5.69397, 0.922252178192,0.939811110497,1.8886269331,0.950706645955,0.950706645955,1.95070664595
5.70839, 0.922252178192,0.939811110497,1.8886269331,0.950706645955,0.950706645955,1.95070664595
5.72611, 0.927801012993,0.9447696805,1.8927115202,0.954681129349,0.954681129349,1.95468112935
5.74103, 0.927801012993,0.9447696805,1.8927115202,0.954681129349,0.954681129349,1.95468112935
5.76247, 0.932148694992,0.948597669601,1.89587759972,0.957672912883,0.957672912883,1.95767291288
5.77474, 0.932148694992,0.948597669601,1.89587759972,0.957672912883,0.957672912883,1.95767291288
5.79391, 0.936231374741,0.952438890934,1.89894008636,0.960546575288,0.960546575288,1.96054657529
5.80895, 0.936231374741,0.952438890934,1.89894008636,0.960546575288,0.960546575288,1.96054657529
5.82982, 0.940045893192,0.956285774708,1.90190541744,0.963360513826,0.963360513826,1.96336051383
5.84269, 0.940045893192,0.956285774708,1.90190541744,0.963360513826,0.963360513826,1.96336051383
5.85969, 0.944708526134,0.960803806782,1.90558588505,0.966639052491,0.966639052491,1.96663905249
5.87837, 0.944708526134,0.960803806782,1.90558588505,0.966639052491,0.966639052491,1.96663905249
5.89279, 0.948355257511,0.964169681072,1.90848648548,0.96913210877,0.96913210877,1.96913210877
5.91064, 0.948355257511,0.964169681072,1.90848648548,0.96913210877,0.96913210877,1.96913210877
5.93335, 0.951925218105,0.967352330685,1.91137564182,0.971559748623,0.971559748623,1.97155974862
5.94156, 0.951925218105,0.967352330685,1.91137564182,0.971559748623,0.971559748623,1.97155974862
5.95993, 0.955417096615,0.970371603966,1.9142011404,0.973823296014,0.973823296014,1.97382329601
5.97610, 0.958780944347,0.973195612431,1.91673398018,0.973823296014,0.973823296014,1.97382329601
5.99246, 0.958780944347,0.973195612431,1.91673398018,0.975975210378,0.975975210378,1.97597521038
6.00910, 0.958780944347,0.973195612431,1.91673398018,0.975975210378,0.975975210378,1.97597521038
6.02774, 0.962040483952,0.975811004639,1.91878974438,0.97805857346,0.97805857346,1.97805857346
6.04143, 0.962040483952,0.975811004639,1.91878974438,0.97805857346,0.97805857346,1.97805857346
6.05860, 0.965229928493,0.978260934353,1.92071855068,0.979989343781,0.979989343781,1.97998934378
6.07436, 0.965229928493,0.978260934353,1.92071855068,0.979989343781,0.979989343781,1.97998934378
6.09523, 0.968322396278,0.980550408363,1.92239689827,0.981813126148,0.981813126148,1.98181312615
6.10946, 0.968322396278,0.980550408363,1.92239689827,0.981813126148,0.981813126148,1.98181312615
6.12618, 0.972072780132,0.983184278011,1.92454278469,0.983979354469,0.983979354469,1.98397935447
6.14177, 0.972072780132,0.983184278011,1.92454278469,0.983979354469,0.983979354469,1.98397935447
6.16031, 0.974952638149,0.985164761543,1.92620325089,0.985566921604,0.985566921604,1.9855669216
6.17424, 0.974952638149,0.985164761543,1.92620325089,0.985566921604,0.985566921604,1.9855669216
6.19316, 0.977510333061,0.986948728561,1.92780542374,0.987053711405,0.987053711405,1.98705371141
6.20887, 0.977510333061,0.986948728561,1.92780542374,0.987053711405,0.987053711405,1.98705371141
6.22548, 0.980321228504,0.988920986652,1.9297722578,0.988801039276,0.988801039276,1.98880103928
6.24146, 0.980321228504,0.988920986652,1.9297722578,0.988801039276,0.988801039276,1.98880103928
6.25754, 0.982451975346,0.990375936031,1.93154323101,0.99006716886,0.99006716886,1.99006716886
6.27947, 0.984495699406,0.991741597652,1.93342280388,0.99006716886,0.99006716886,1.99006716886
6.29226, 0.984495699406,0.991741597652,1.93342280388,0.99124000859,0.99124000859,1.99124000859
6.30915, 0.984495699406,0.991741597652,1.93342280388,0.99124000859,0.99124000859,1.99124000859
6.32593, 0.986463963985,0.99302893877,1.9351927042,0.992343590809,0.992343590809,1.99234359081
6.34343, 0.986463963985,0.99302893877,1.9351927042,0.992343590809,0.992343590809,1.99234359081
6.36358, 0.98834913969,0.994229733944,1.93684589863,0.993335836553,0.993335836553,1.99333583655
6.37535, 0.98834913969,0.994229733944,1.93684589863,0.993335836553,0.993335836553,1.99333583655
6.39742, 0.989859879017,0.995424866676,1.93843591213,0.994242885501,0.994242885501,1.9942428855
6.41439, 0.991019129753,0.996611773968,1.93996250629,0.994242885501,0.994242885501,1.9942428855
6.42876, 0.991019129753,0.996611773968,1.93996250629,0.995083851743,0.995083851743,1.99508385174
6.44337, 0.991019129753,0.996611773968,1.93996250629,0.995083851743,0.995083851743,1.99508385174
6.45826, 0.992385923862,0.997906684875,1.94188427925,0.995980354219,0.995980354219,1.99598035422
6.47615, 0.993405342102,0.998815238476,1.94340956211,0.995980354219,0.995980354219,1.99598035422
6.49278, 0.993405342102,0.998815238476,1.94340956211,0.996651437343,0.996651437343,1.99665143734
6.50817, 0.993405342102,0.998815238476,1.94340956211,0.996651437343,0.996651437343,1.99665143734
6.52670, 0.994338989258,0.999578297138,1.94500124454,0.99724049007,0.99724049007,1.99724049007
6.54144, 0.994338989258,0.999578297138,1.94500124454,0.99724049007,0.99724049007,1.99724049007
6.55830, 0.995186030865,1.00019240379,1.94656598568,0.997748715721,0.997748715721,1.99774871572
6.57521, 0.995707631111,1.00089323521,1.94807851315,0.997748715721,0.997748715721,1.99774871572
6.59457, 0.995707631111,1.00089323521,1.94807851315,0.998192407887,0.998192407887,1.99819240789
6.60793, 0.995707631111,1.00089323521,1.94807851315,0.998192407887,0.998192407887,1.99819240789
6.62465, 0.995996177197,1.00188040733,1.94948601723,0.998668991127,0.998668991127,1.99866899113
6.64217, 0.995996177197,1.00188040733,1.94948601723,0.998668991127,0.998668991127,1.99866899113
6.66003, 0.996212780476,1.00255846977,1.95053386688,0.998980399725,0.998980399725,1.99898039973
6.67720, 0.996212780476,1.00255846977,1.95053386688,0.998980399725,0.998980399725,1.99898039973
6.69206, 0.996351540089,1.00298976898,1.95123076439,0.999179821815,0.999179821815,1.99917982182
6.70805, 0.996351540089,1.00298976898,1.95123076439,0.999179821815,0.999179821815,1.99917982182
6.72595, 0.996558666229,1.0036226511,1.95219945908,0.999456477276,0.999456477276,1.99945647728
6.74165, 0.996558666229,1.0036226511,1.95219945908,0.999456477276,0.999456477276,1.99945647728
6.76245, 0.996707975864,1.00405430794,1.95272254944,0.99962487824,0.99962487824,1.99962487824
6.77413, 0.996707975864,1.00405430794,1.95272254944,0.99962487824,0.99962487824,1.99962487824
6.79576, 0.996482551098,1.00455188751,1.95295715332,0.99975485188,0.99975485188,1.99975485188
6.80803, 0.996482551098,1.00455188751,1.95295715332,0.99975485188,0.99975485188,1.99975485188
6.82815, 0.995902061462,1.00509870052,1.95320272446,0.999852747765,0.999852747765,1.99985274776
6.84199, 0.995902061462,1.00509870052,1.95320272446,0.999852747765,0.999852747765,1.99985274776
6.85972, 0.995322465897,1.00550472736,1.9534842968,0.999917790196,0.999917790196,1.9999177902
6.87505, 0.995322465897,1.00550472736,1.9534842968,0.999917790196,0.999917790196,1.9999177902
6.89152, 0.99476736784,1.005813241,1.95372724533,0.999962374733,0.999962374733,1.99996237473
6.91032, 0.99476736784,1.005813241,1.95372724533,0.999962374733,0.999962374733,1.99996237473
6.92446, 0.994090437889,1.00608813763,1.95419323444,0.999990123744,0.999990123744,1.99999012374
6.94160, 0.994090437889,1.00608813763,1.95419323444,0.999990123744,0.999990123744,1.99999012374
6.95865, 0.993580579758,1.00621163845,1.95462524891,0.999998527678,0.999998527678,1.99999852768
6.97502, 0.993580579758,1.00621163845,1.95462524891,0.999998527678,0.999998527678,1.99999852768
6.99144, 0.992931783199,1.00632035732,1.9550396204,0.999999996225,0.999999996225,1.99999999622
7.00855, 0.992931783199,1.00632035732,1.9550396204,0.999999996225,0.999999996225,1.99999999622
7.02424, 0.991816341877,1.00650179386,1.95539748669,1.0,1.0,2.0
7.04646, 0.991816341877,1.00650179386,1.95539748669,1.0,1.0,2.0
7.06212, 0.990524172783,1.00655889511,1.95574057102,1.0,1.0,2.0
7.07701, 0.990524172783,1.00655889511,1.95574057102,1.0,1.0,2.0
7.09144, 0.989831626415,1.00651872158,1.95582306385,1.0,1.0,2.0
7.11278, 0.989831626415,1.00651872158,1.95582306385,1.0,1.0,2.0
7.12513, 0.988825082779,1.00633895397,1.95592939854,1.0,1.0,2.0
7.14143, 0.988825082779,1.00633895397,1.95592939854,1.0,1.0,2.0
7.16465, 0.98813021183,1.00608897209,1.95602440834,1.0,1.0,2.0
7.17529, 0.98813021183,1.00608897209,1.95602440834,1.0,1.0,2.0
7.19564, 0.987538456917,1.00576508045,1.95608139038,1.0,1.0,2.0
7.20868, 0.987538456917,1.00576508045,1.95608139038,1.0,1.0,2.0
7.22489, 0.987052321434,1.00535726547,1.95617890358,1.0,1.0,2.0
7.24106, 0.987052321434,1.00535726547,1.95617890358,1.0,1.0,2.0
7.25906, 0.986641705036,1.00487315655,1.95642590523,1.0,1.0,2.0
7.27570, 0.986641705036,1.00487315655,1.95642590523,1.0,1.0,2.0
7.29733, 0.986112654209,1.00438022614,1.95679092407,1.0,1.0,2.0
7.30826, 0.986112654209,1.00438022614,1.95679092407,1.0,1.0,2.0
7.32513, 0.985686063766,1.00411593914,1.95699226856,1.0,1.0,2.0
7.34153, 0.985686063766,1.00411593914,1.95699226856,1.0,1.0,2.0
7.36025, 0.985353112221,1.00375652313,1.95726084709,1.0,1.0,2.0
7.37562, 0.985353112221,1.00375652313,1.95726084709,1.0,1.0,2.0
7.40201, 0.985114514828,1.00330257416,1.95751798153,1.0,1.0,2.0
7.41028, 0.985114514828,1.00330257416,1.95751798153,1.0,1.0,2.0
7.43509, 0.985001444817,1.00276660919,1.9577447176,1.0,1.0,2.0
7.44110, 0.985001444817,1.00276660919,1.9577447176,1.0,1.0,2.0
7.46432, 0.985011518002,1.00200009346,1.95809960365,1.0,1.0,2.0
7.47874, 0.985011518002,1.00200009346,1.95809960365,1.0,1.0,2.0
7.49218, 0.984808504581,1.00149023533,1.95849215984,1.0,1.0,2.0
7.51362, 0.984808504581,1.00149023533,1.95849215984,1.0,1.0,2.0
7.52639, 0.983812391758,1.0013884306,1.95889890194,1.0,1.0,2.0
7.54705, 0.983812391758,1.0013884306,1.95889890194,1.0,1.0,2.0
7.55905, 0.982967913151,1.00124025345,1.95951795578,1.0,1.0,2.0
7.57446, 0.982967913151,1.00124025345,1.95951795578,1.0,1.0,2.0
7.59230, 0.982276320457,1.00101840496,1.96013391018,1.0,1.0,2.0
7.60981, 0.982276320457,1.00101840496,1.96013391018,1.0,1.0,2.0
7.62473, 0.981582224369,1.00062584877,1.96097183228,1.0,1.0,2.0
7.64852, 0.981582224369,1.00062584877,1.96097183228,1.0,1.0,2.0
7.65932, 0.981249332428,1.00037360191,1.96141433716,1.0,1.0,2.0
7.67599, 0.981249332428,1.00037360191,1.96141433716,1.0,1.0,2.0
7.69311, 0.980519533157,0.999940395355,1.96216630936,1.0,1.0,2.0
7.70972, 0.980519533157,0.999940395355,1.96216630936,1.0,1.0,2.0
7.72655, 0.979109764099,0.999637424946,1.96281182766,1.0,1.0,2.0
7.74102, 0.979109764099,0.999637424946,1.96281182766,1.0,1.0,2.0
7.76130, 0.977892696857,0.999276399612,1.96324551105,1.0,1.0,2.0
7.77558, 0.977892696857,0.999276399612,1.96324551105,1.0,1.0,2.0
7.79166, 0.97686123848,0.998860299587,1.96387684345,1.0,1.0,2.0
7.80817, 0.97686123848,0.998860299587,1.96387684345,1.0,1.0,2.0
7.82540, 0.976016521454,0.998371899128,1.96460700035,1.0,1.0,2.0
7.84312, 0.976016521454,0.998371899128,1.96460700035,1.0,1.0,2.0
7.86081, 0.975194573402,0.997691035271,1.96554708481,1.0,1.0,2.0
7.87582, 0.975194573402,0.997691035271,1.96554708481,1.0,1.0,2.0
7.89261, 0.974488198757,0.997254192829,1.96623468399,1.0,1.0,2.0
7.92038, 0.974488198757,0.997254192829,1.96623468399,1.0,1.0,2.0
7.92571, 0.973338127136,0.997222483158,1.96663057804,1.0,1.0,2.0
7.94243, 0.973338127136,0.997222483158,1.96663057804,1.0,1.0,2.0
7.95746, 0.973338127136,0.997222483158,1.96663057804,1.0,1.0,2.0
7.98045, 0.972384095192,0.997125566006,1.96700179577,1.0,1.0,2.0
7.99098, 0.971616744995,0.996948182583,1.96724748611,1.0,1.0,2.0
8.01076, 0.971616744995,0.996948182583,1.96724748611,1.0,1.0,2.0
8.02518, 0.970909416676,0.996627509594,1.9674063921,1.0,1.0,2.0
8.04271, 0.970909416676,0.996627509594,1.9674063921,1.0,1.0,2.0
8.05967, 0.970634698868,0.996417105198,1.96747791767,1.0,1.0,2.0
8.07537, 0.970634698868,0.996417105198,1.96747791767,1.0,1.0,2.0
8.09777, 0.97039860487,0.99601817131,1.96777141094,1.0,1.0,2.0
8.10913, 0.97039860487,0.99601817131,1.96777141094,1.0,1.0,2.0
8.12977, 0.969398677349,0.996066451073,1.96788525581,1.0,1.0,2.0
8.14231, 0.969398677349,0.996066451073,1.96788525581,1.0,1.0,2.0
8.16040, 0.968629062176,0.996033966541,1.96789169312,1.0,1.0,2.0
8.17440, 0.968629062176,0.996033966541,1.96789169312,1.0,1.0,2.0
8.19387, 0.968078672886,0.995923638344,1.96777689457,1.0,1.0,2.0
8.20832, 0.968078672886,0.995923638344,1.96777689457,1.0,1.0,2.0
8.22594, 0.967795372009,0.995718359947,1.96769487858,1.0,1.0,2.0
8.24197, 0.967795372009,0.995718359947,1.96769487858,1.0,1.0,2.0
8.26007, 0.96775329113,0.995378017426,1.96770274639,1.0,1.0,2.0
8.27529, 0.96775329113,0.995378017426,1.96770274639,1.0,1.0,2.0
8.29225, 0.967878818512,0.995153903961,1.96779084206,1.0,1.0,2.0
8.31204, 0.967878818512,0.995153903961,1.96779084206,1.0,1.0,2.0
8.32607, 0.967878818512,0.995153903961,1.96779084206,1.0,1.0,2.0
8.34196, 0.967392086983,0.99476981163,1.96742367744,1.0,1.0,2.0
8.35919, 0.967392086983,0.99476981163,1.96742367744,1.0,1.0,2.0
8.37493, 0.967064917088,0.994410037994,1.96700036526,1.0,1.0,2.0
8.39169, 0.967064917088,0.994410037994,1.96700036526,1.0,1.0,2.0
8.40869, 0.966952741146,0.994024932384,1.96657693386,1.0,1.0,2.0
8.42495, 0.966952741146,0.994024932384,1.96657693386,1.0,1.0,2.0
8.44440, 0.967015445232,0.993581116199,1.96629440784,1.0,1.0,2.0
8.45974, 0.967015445232,0.993581116199,1.96629440784,1.0,1.0,2.0
8.47942, 0.967243552208,0.993065595627,1.96606659889,1.0,1.0,2.0
8.49204, 0.967243552208,0.993065595627,1.96606659889,1.0,1.0,2.0
8.51138, 0.967627942562,0.99251806736,1.96582055092,1.0,1.0,2.0
8.52587, 0.967627942562,0.99251806736,1.96582055092,1.0,1.0,2.0
8.54416, 0.967232167721,0.992189884186,1.96558713913,1.0,1.0,2.0
8.56154, 0.967232167721,0.992189884186,1.96558713913,1.0,1.0,2.0
8.57528, 0.966953217983,0.991905808449,1.96557080746,1.0,1.0,2.0
8.59682, 0.96687155962,0.991566359997,1.96544289589,1.0,1.0,2.0
8.61004, 0.96687155962,0.991566359997,1.96544289589,1.0,1.0,2.0
8.62639, 0.96687155962,0.991566359997,1.96544289589,1.0,1.0,2.0
8.64493, 0.966995120049,0.99107581377,1.9654109478,1.0,1.0,2.0
8.65834, 0.966995120049,0.99107581377,1.9654109478,1.0,1.0,2.0
8.67579, 0.967300415039,0.990630328655,1.96535503864,1.0,1.0,2.0
8.69504, 0.967300415039,0.990630328655,1.96535503864,1.0,1.0,2.0
8.70928, 0.967627704144,0.990265786648,1.96540236473,1.0,1.0,2.0
8.72513, 0.967627704144,0.990265786648,1.96540236473,1.0,1.0,2.0
8.74074, 0.967627704144,0.990265786648,1.96540236473,1.0,1.0,2.0
8.75782, 0.9676258564,0.989984571934,1.965269804,1.0,1.0,2.0
8.77471, 0.96743953228,0.989889800549,1.96513080597,1.0,1.0,2.0
8.79357, 0.96743953228,0.989889800549,1.96513080597,1.0,1.0,2.0
8.80847, 0.967463493347,0.989728748798,1.96507835388,1.0,1.0,2.0
8.82607, 0.967463493347,0.989728748798,1.96507835388,1.0,1.0,2.0
8.84160, 0.967463493347,0.989728748798,1.96507835388,1.0,1.0,2.0
8.85967, 0.967683553696,0.989513456821,1.96517884731,1.0,1.0,2.0
8.87658, 0.968180477619,0.989181697369,1.96559667587,1.0,1.0,2.0
8.89411, 0.968180477619,0.989181697369,1.96559667587,1.0,1.0,2.0
8.91028, 0.968749165535,0.98882162571,1.96603131294,1.0,1.0,2.0
8.92613, 0.968749165535,0.98882162571,1.96603131294,1.0,1.0,2.0
8.94329, 0.968780100346,0.988714933395,1.96631669998,1.0,1.0,2.0
8.95748, 0.968780100346,0.988714933395,1.96631669998,1.0,1.0,2.0
8.97651, 0.968770503998,0.988614976406,1.96654355526,1.0,1.0,2.0
8.99108, 0.968770503998,0.988614976406,1.96654355526,1.0,1.0,2.0
9.01093, 0.968954443932,0.988440096378,1.96687161922,1.0,1.0,2.0
9.02472, 0.968954443932,0.988440096378,1.96687161922,1.0,1.0,2.0
9.04663, 0.969282209873,0.988194167614,1.96722400188,1.0,1.0,2.0
9.05795, 0.969282209873,0.988194167614,1.96722400188,1.0,1.0,2.0
9.07626, 0.969736158848,0.987904787064,1.96747970581,1.0,1.0,2.0
9.09321, 0.969736158848,0.987904787064,1.96747970581,1.0,1.0,2.0
9.11035, 0.969736158848,0.987904787064,1.96747970581,1.0,1.0,2.0
9.12492, 0.970495641232,0.98750269413,1.96780073643,1.0,1.0,2.0
9.14409, 0.970495641232,0.98750269413,1.96780073643,1.0,1.0,2.0
9.16132, 0.970573365688,0.987457513809,1.96812963486,1.0,1.0,2.0
9.17754, 0.970592916012,0.987474799156,1.96871376038,1.0,1.0,2.0
9.19807, 0.970592916012,0.987474799156,1.96871376038,1.0,1.0,2.0
9.21178, 0.970770120621,0.987454175949,1.96938991547,1.0,1.0,2.0
9.23539, 0.970770120621,0.987454175949,1.96938991547,1.0,1.0,2.0
9.24303, 0.970770120621,0.987454175949,1.96938991547,1.0,1.0,2.0
9.26217, 0.971069693565,0.987375259399,1.97006356716,1.0,1.0,2.0
9.27599, 0.971069693565,0.987375259399,1.97006356716,1.0,1.0,2.0
9.29256, 0.971642076969,0.987149178982,1.97088766098,1.0,1.0,2.0
9.30898, 0.972207486629,0.986915111542,1.97157371044,1.0,1.0,2.0
9.33202, 0.972207486629,0.986915111542,1.97157371044,1.0,1.0,2.0
9.34122, 0.972207486629,0.986915111542,1.97157371044,1.0,1.0,2.0
9.36029, 0.97224932909,0.986941039562,1.97224938869,1.0,1.0,2.0
9.37610, 0.972213804722,0.98699015379,1.97288131714,1.0,1.0,2.0
9.39258, 0.972213804722,0.98699015379,1.97288131714,1.0,1.0,2.0
9.41091, 0.972337961197,0.986962735653,1.97394156456,1.0,1.0,2.0
9.42469, 0.972337961197,0.986962735653,1.97394156456,1.0,1.0,2.0
9.44227, 0.972337961197,0.986962735653,1.97394156456,1.0,1.0,2.0
9.45877, 0.972592890263,0.986881256104,1.97495806217,1.0,1.0,2.0
9.47821, 0.972968101501,0.986767351627,1.97594368458,1.0,1.0,2.0
9.49150, 0.972968101501,0.986767351627,1.97594368458,1.0,1.0,2.0
9.51201, 0.973420441151,0.986616432667,1.97669386864,1.0,1.0,2.0
9.52507, 0.973420441151,0.986616432667,1.97669386864,1.0,1.0,2.0
9.54578, 0.973633885384,0.986660182476,1.9776828289,1.0,1.0,2.0
9.55782, 0.973633885384,0.986660182476,1.9776828289,1.0,1.0,2.0
9.58187, 0.973403275013,0.98693215847,1.97838926315,1.0,1.0,2.0
9.59119, 0.973403275013,0.98693215847,1.97838926315,1.0,1.0,2.0
9.61023, 0.973310649395,0.987126231194,1.97898411751,1.0,1.0,2.0
9.62543, 0.973310649395,0.987126231194,1.97898411751,1.0,1.0,2.0
9.64119, 0.973310649395,0.987126231194,1.97898411751,1.0,1.0,2.0
9.65976, 0.973356723785,0.987248361111,1.97953462601,1.0,1.0,2.0
9.67657, 0.973356723785,0.987248361111,1.97953462601,1.0,1.0,2.0
9.69259, 0.973556160927,0.987267136574,1.98036670685,1.0,1.0,2.0
9.70843, 0.973556160927,0.987267136574,1.98036670685,1.0,1.0,2.0
9.72464, 0.973735511303,0.987221896648,1.98084485531,1.0,1.0,2.0
9.74539, 0.973735511303,0.987221896648,1.98084485531,1.0,1.0,2.0
9.75764, 0.973855555058,0.987382829189,1.98172259331,1.0,1.0,2.0
9.77565, 0.973855555058,0.987382829189,1.98172259331,1.0,1.0,2.0
9.79192, 0.973710417747,0.987783312798,1.98228633404,1.0,1.0,2.0
9.80753, 0.973710417747,0.987783312798,1.98228633404,1.0,1.0,2.0
9.82702, 0.973681032658,0.988114237785,1.98271501064,1.0,1.0,2.0
9.84135, 0.973681032658,0.988114237785,1.98271501064,1.0,1.0,2.0
9.86010, 0.97375202179,0.988372147083,1.98338472843,1.0,1.0,2.0
9.87552, 0.97375202179,0.988372147083,1.98338472843,1.0,1.0,2.0
9.89248, 0.973896861076,0.988546431065,1.98407888412,1.0,1.0,2.0
9.90903, 0.973896861076,0.988546431065,1.98407888412,1.0,1.0,2.0
9.92615, 0.974138557911,0.98866045475,1.98472344875,1.0,1.0,2.0
9.94137, 0.974138557911,0.98866045475,1.98472344875,1.0,1.0,2.0
9.96309, 0.974113583565,0.988964617252,1.98528397083,1.0,1.0,2.0
9.97514, 0.974113583565,0.988964617252,1.98528397083,1.0,1.0,2.0
9.99445, 0.973693728447,0.989398002625,1.98548710346,1.0,1.0,2.0
10.00852, 0.973693728447,0.989398002625,1.98548710346,1.0,1.0,2.0
10.02500, 0.973379433155,0.989721894264,1.98566293716,1.0,1.0,2.0
10.04243, 0.973379433155,0.989721894264,1.98566293716,1.0,1.0,2.0
10.05877, 0.973217248917,0.989913761616,1.98586392403,1.0,1.0,2.0
10.07777, 0.973217248917,0.989913761616,1.98586392403,1.0,1.0,2.0
10.09107, 0.973168373108,0.989994704723,1.98602902889,1.0,1.0,2.0
10.11284, 0.973168373108,0.989994704723,1.98602902889,1.0,1.0,2.0
10.12674, 0.973203361034,0.990008831024,1.98621964455,1.0,1.0,2.0
10.14214, 0.973203361034,0.990008831024,1.98621964455,1.0,1.0,2.0
10.15908, 0.973179161549,0.990081310272,1.98649096489,1.0,1.0,2.0
10.17567, 0.973179161549,0.990081310272,1.98649096489,1.0,1.0,2.0
10.19099, 0.972776472569,0.990498304367,1.98671352863,1.0,1.0,2.0
10.20834, 0.972776472569,0.990498304367,1.98671352863,1.0,1.0,2.0
10.22482, 0.972507953644,0.990790903568,1.98684179783,1.0,1.0,2.0
10.24656, 0.972507953644,0.990790903568,1.98684179783,1.0,1.0,2.0
10.25757, 0.972347080708,0.990954399109,1.98701453209,1.0,1.0,2.0
10.27639, 0.972347080708,0.990954399109,1.98701453209,1.0,1.0,2.0
10.29212, 0.972313165665,0.991001725197,1.98722481728,1.0,1.0,2.0
10.31223, 0.972313165665,0.991001725197,1.98722481728,1.0,1.0,2.0
10.32793, 0.972401082516,0.990932762623,1.98758816719,1.0,1.0,2.0
10.34691, 0.972401082516,0.990932762623,1.98758816719,1.0,1.0,2.0
10.36161, 0.972502291203,0.99094325304,1.98804974556,1.0,1.0,2.0
10.37781, 0.972502291203,0.99094325304,1.98804974556,1.0,1.0,2.0
10.39428, 0.972286045551,0.991563081741,1.98842847347,1.0,1.0,2.0
10.41442, 0.972286045551,0.991563081741,1.98842847347,1.0,1.0,2.0
10.42475, 0.972210526466,0.992027938366,1.98872494698,1.0,1.0,2.0
10.44658, 0.972210526466,0.992027938366,1.98872494698,1.0,1.0,2.0
10.46051, 0.972303450108,0.992429196835,1.98930549622,1.0,1.0,2.0
10.47572, 0.972303450108,0.992429196835,1.98930549622,1.0,1.0,2.0
10.49536, 0.972477555275,0.992615818977,1.98995780945,1.0,1.0,2.0
10.50803, 0.972477555275,0.992615818977,1.98995780945,1.0,1.0,2.0
10.52687, 0.972666859627,0.992682754993,1.99038982391,1.0,1.0,2.0
10.54345, 0.972666859627,0.992682754993,1.99038982391,1.0,1.0,2.0
10.56427, 0.972981095314,0.993047714233,1.99107515812,1.0,1.0,2.0
10.57462, 0.972981095314,0.993047714233,1.99107515812,1.0,1.0,2.0
10.59651, 0.972966551781,0.994335651398,1.99141943455,1.0,1.0,2.0
10.60843, 0.972966551781,0.994335651398,1.99141943455,1.0,1.0,2.0
10.62520, 0.973057210445,0.995389461517,1.99160003662,1.0,1.0,2.0
10.64080, 0.973057210445,0.995389461517,1.99160003662,1.0,1.0,2.0
10.66091, 0.973229885101,0.996242702007,1.991543293,1.0,1.0,2.0
10.67494, 0.973229885101,0.996242702007,1.991543293,1.0,1.0,2.0
10.69464, 0.973487317562,0.996895670891,1.99154353142,1.0,1.0,2.0
10.70813, 0.973487317562,0.996895670891,1.99154353142,1.0,1.0,2.0
10.72497, 0.973796486855,0.997334063053,1.99158227444,1.0,1.0,2.0
10.74287, 0.973796486855,0.997334063053,1.99158227444,1.0,1.0,2.0
10.76303, 0.974298596382,0.997662961483,1.99166309834,1.0,1.0,2.0
10.77504, 0.974298596382,0.997662961483,1.99166309834,1.0,1.0,2.0
10.79356, 0.974415004253,0.998732209206,1.99143981934,1.0,1.0,2.0
10.80872, 0.974415004253,0.998732209206,1.99143981934,1.0,1.0,2.0
10.82525, 0.974619865417,0.999599695206,1.99137556553,1.0,1.0,2.0
10.84516, 0.974619865417,0.999599695206,1.99137556553,1.0,1.0,2.0
10.85855, 0.974891483784,1.00027287006,1.99143636227,1.0,1.0,2.0
10.87433, 0.974891483784,1.00027287006,1.99143636227,1.0,1.0,2.0
10.89211, 0.975232064724,1.00076627731,1.99152600765,1.0,1.0,2.0
10.91258, 0.975232064724,1.00076627731,1.99152600765,1.0,1.0,2.0
10.92488, 0.975609183311,1.00108194351,1.99184477329,1.0,1.0,2.0
10.94480, 0.975609183311,1.00108194351,1.99184477329,1.0,1.0,2.0
10.95954, 0.976142644882,1.0012665987,1.99221348763,1.0,1.0,2.0
10.97709, 0.976142644882,1.0012665987,1.99221348763,1.0,1.0,2.0
